url_address,title,content,serial_number,push_time,status,ans_content,ans_part,ans_time
http://www.gszwfw.gov.cn/gszw/zxts/detail.do?webid=1&code=JY20181201908&querycode=QC403857,工商审批,工商审批10多天没进展，不是说好一到2个工作日吗,JY20181201908,2018-12-17 09:39:47,处理中,,,
http://www.gszwfw.gov.cn/gszw/zxts/detail.do?webid=1&code=JY20181101761&querycode=QC385196,这个平台一出生就该退休了,甘肃处处落后，连网站也不例外。经济发展模式不好抄，照搬个网站来不是很费劲吧！竟然留言还要输验证码，而且是极度变形的验证码，明显不想让人输入嘛！,JY20181101761,2018-11-15 09:45:13,处理中,,,
http://www.gszwfw.gov.cn/gszw/zxts/detail.do?webid=1&code=JY20181101760&querycode=QC743411,教师职称评审政策建议,尊敬的领导：之前的教师职称评审政策都对班主任工作年限有不同的要求，这对例如音体美等小科目教师有失公平，因为专业特点我们很少有机会担当班主任，许多省都将辅导员和教练员视同于班主任，建议这次修改政策之际能，出台相关的附则，将学科活动辅导员或教练员工作年限视同于班主任工作年限，给我们以希望！恳请调查研究，解决实际为盼！,JY20181101760,2018-11-15 08:14:16,处理中,,,
http://www.gszwfw.gov.cn/gszw/zxts/detail.do?webid=1&code=JY20180901597&querycode=QC011629,政府采购合同备案可否网上办理,政府采购协议供货合同以前采用人工备案，到财政厅需要找三个部门办理签章手续，遇上办事人或签字领导不在，有时候备案合同要跑财政厅好几趟。今年备案手续有所精简，只到一个部门办理备案手续，但也有可能遇上人不在或其他情况，那就得至少跑两趟。建议可否纳入网上办理备案手续。,JY20180901597,2018-09-20 10:29:17,处理完毕,"网友：
     您好。您的留言我们已经收到，首先感谢您对政府采购工作的关心和支持，关于您建议政府采购协议供货合同是否可纳入网上办理备案手续的事情，现答复如下：
      一、2018年7月2日我厅印发了《甘肃省财政厅关于简化政府采购审核程序有关事项的通知》，对需要现场审核和备案的政府采购事项进行了流程简化，实现网上审核和备案。
      二、要求协议供货按现行规定执行，主要是因协议供货限额标准是按年度执行的，同时，政府采购网上交易系统也需进行升级改造，要实施网上备案流程办理只能在下一年度进行，预计从2019年1月1日起，协议供货将实现网上办理合同备案手续。
      感谢您对我们政府采购工作的关心和支持，同时也希望您多提宝贵意见和建议。
                                                                                                                                                                甘肃省财政厅
                                                                                                           2018年10月8日          ",省财政厅,2018-10-09 17:51:25
http://www.gszwfw.gov.cn/gszw/zxts/detail.do?webid=1&code=JY20180801543&querycode=QC118967,甘肃公安政务服务平台浏览器不兼容问题,为什么甘肃公安政务服务平台浏览器不兼容360浏览器，每次登陆甘肃政务服务网，打开其他所有专项服务都是正常的，唯独公安政务服务平台，要求更换浏览器，非常麻烦。,JY20180801543,2018-08-23 15:04:13,处理完毕,"网友：
     您好！8月23 日，您在甘肃政务服务网“我要建议”栏目留言，反映甘肃公安政务服务平台浏览器不兼容的问题，现答复如下：
      目前，我厅正在对甘肃公安政务服务平台进行优化升级，建议使用谷歌chrome或Internet Explorer10以上的Web浏览本站，对您带来的不便表示歉意。
      感谢您对我们工作的关心和支持，欢迎继续提出宝贵意见和建议。
                                                                                                      省公安厅
                                                                                                2018年9月6日",省公安厅,2018-09-03 18:27:03
http://www.gszwfw.gov.cn/gszw/zxts/detail.do?webid=1&code=JY20180801508&querycode=QC021866,个人社保,建议网上建立个人社保缴费明细查询系统，以便个人尽快随时可以了解个人社保缴费情况。,JY20180801508,2018-08-07 15:51:23,处理完毕,"网友：
    您好！您在甘肃政务服务网“我要建议”栏目留言，“个人社保 ”的问题，现答复如下：
    网友您好，甘肃省人力资源和社会保障网上办事大厅已于今年7月中旬开通了省本级、嘉峪关市、酒泉市、甘南自治州、天水市等五个统筹区个人社保信息查询，目前系统功能还在进一步完善中，由此带来的不便敬请您谅解。甘肃省人力资源和社会保障网上办事大厅网址为：http://www.gs12333.gov.cn
    感谢您对我们工作的支持，欢迎继续对我们的工作提出宝贵建议和意见。


                                                                甘肃省人力资源和社会保障厅
                                                                        2018年8月14日",省人社厅,2018-08-14 09:13:08
http://www.gszwfw.gov.cn/gszw/zxts/detail.do?webid=1&code=JY20180701497&querycode=QC983851,这个平台还需改进,这个平台非常好，就是还不方便，查个社保信息都查不了，这点需要改进，值得向江苏学习。人家的就很方便。,JY20180701497,2018-07-28 21:27:33,处理完毕,"网友：
     您好！您在甘肃政务服务网“我要建议”栏目留言，“这个平台还需改进”的问题，现答复如下：
     网友您好，甘肃省人力资源和社会保障网上办事大厅已于今年7月中旬开通了省本级、嘉峪关市、酒泉市、甘南自治州、天水市等五个统筹区个人社保信息查询，目前系统功能还在进一步完善中，由此带来的不便敬请您谅解。甘肃省人力资源和社会保障网上办事大厅网址为：http://www.gs12333.gov.cn
     感谢您对我们工作的支持，欢迎继续对我们的工作提出宝贵建议和意见。

                                                                 甘肃省人力资源和社会保障厅
                                                                         2018年8月9日
 ",省人社厅,2018-08-09 17:57:23
http://www.gszwfw.gov.cn/gszw/zxts/detail.do?webid=1&code=JY20180701458&querycode=QC341593,规章制度改进,工商注册核名中，审核通过的再过15天才能再改---这条不合理，建议改为：原申请人3天后可再更改对其他人有效期不变这样可以加快核名/办理速度,JY20180701458,2018-07-16 19:58:35,处理完毕," 网友：
     您好！ 您在甘肃政务服务网“我要建议”栏目留言，反映个体名称申请的问题，现答复如下：      
     工商登记机关是严格按照《企业名称登记管理规定》进行核准，并严格按照相关规定工作流程核准。 
     核准通过的名称保留期为15天。企业自主核名通过后，想修改名称可以自行删除后重新申报。     
     感谢您对我们工作的关心和支持，欢迎继续提出宝贵意见和建议。
                                                                                                                              省工商局
                                                                                                                           2018年8月2日",省工商局,2018-08-02 18:26:15
http://www.gszwfw.gov.cn/gszw/zxts/detail.do?webid=1&code=JY20180701450&querycode=QC383396,意见和建议,市上的龙头企业主管部门为企业有过多少服务？总是想办法设卡，应该改进了。每年年检要提交6个部门的证明。专人跑半个月都办不全，因为人家不认你们的指令啊。一个年检报告还必须精装装订，1次年检要2年的审计报告，企业就要多支付数万元。请学学工商、国地税、商务、发改、工信、检验检疫、海关商检、财政、银行、科技等等政府部门他们能够都简化程序，网上申报考核。想企业之所需，上门排忧解难为企业服务。企业特别感激高兴！近年来企业确实都面临许多困难和问题，需要帮扶解决。希望能够改进！,JY20180701450,2018-07-12 00:10:04,处理完毕,"庆阳市润慷食品有限公司：
您在甘肃政务服务网“我要建议”栏目提出的意见建议收悉，经我厅认真研究，现将有关情况答复如下：
一、关于龙头企业年检程序复杂，费用高的问题
（一）监测程序设置的依据。我省农业产业化龙头企业认定严格按照国家农业部、发改委等八部门印发的《国家重点龙头企业认定和运行监测管理办法》及省农牧厅、省发改委等9部门印发的《甘肃省农业产业化重点龙头企业认定管理暂行办法》执行，在监测认定上完全采取企业自愿，无强制要求。经认定的龙头企业每2年监测一次，目的是为了准确掌握企业生产经营现状，实现认定和退出机制相结合。目前，国内所有国家级、省级农业产业化龙头企业的认定监测，采用的方式和工作程序基本一致，均参照国家龙头企业认定监测方式，由企业向农业产业化主管部门提交相关证明原件，其中企业的资产和效益情况须经会计师事务所审定，企业资信情况以人民银行出具的企业征信报告为据，企业的带动能力、带动方式和利益联结关系情况由县以上农村经营管理部门提供说明，企业的纳税情况以企业所在地税务部门出具的证明为据，企业产品质量安全情况以所在地农业或其他法定监管部门提供书面证明为据，以保证龙头企业提供的数据和情况的真实性。在能否实行网上申报审核的问题上，我厅已多次向国家相关部门建议咨询。
（二）监测工作的机构设置。根据《甘肃省农业产业化重点龙头企业认定管理暂行办法》的规定，我省的农业产业化龙头企业监测由各级农业产业化办公室负责。农牧部门作为该工作的牵头部门，负责相关材料的审核，承办具体业务，各级发改、工信、税务、扶贫、商务、人民银行等部门作为农业产业化领导小组成员单位参与并协助本级龙头企业的认定和监测工作，开具证明说明情况等是各成员单位的工作职责。
（三）监测费用。农业产业化龙头企业认定、监测以及颁发证书、牌匾等不收取任何费用。农业产业化龙头企业具有表率作用，应当建立起较为完善的企业管理制度，包括财务审计制度。为方便材料审核，所有监测材料要装订整齐。
二、关于为龙头企业提供服务的问题
根据《甘肃省人民政府办公厅关于扶持全省贫困地区龙头企业发展的意见》，农业产业化龙头企业在企业融资、用地、用电、税收、科研、市场营销、人才建设等方面等都享有优惠。省农牧厅已将全省贫困地区1490家龙头企业(含庆阳市润慷食品有限公司)名称、地址、联系方式等情况提供省发改委，对农业产业化龙头企业“以2016年实际生产用电量为基数，对其新增生产用电量电价在现行基础上每千瓦时降低0.10元电价优惠”正在落实；1000亿元特色产业发展贷款和500亿元短期农产品收购贷款各地金融机构正在协调落实当中，龙头企业是受益对象；龙头企业用地、税收等优惠政策已经落实；对龙头企业带动贫困户和合作社发展等也将给予扶持。此外，省上已连续多年筹集专项资金，对带动能力突出、发展规模较大，经济和社会效益较好的省级以上龙头企业给予贴息扶持，部分市县也设有专项扶持措施。
据了解，庆阳市润慷食品有限公司是庆阳市市级农业产业化龙头企业，认定、监测均由庆阳市农业产业化部门组织管理，有关具体问题可向庆阳市咨询。
感谢您对我省农业产业化龙头企业的关心和关注。


省农牧厅  
2018年8月15日",省农牧厅,2018-08-16 10:50:11
http://www.gszwfw.gov.cn/gszw/zxts/detail.do?webid=1&code=JY20180601419&querycode=QC527704,对于兰州市人口增长战略及大学生购房、租赁补贴等政策的建议,一、从人口增长及引进人才角度讲 制定政策应考虑全面，避免产生隐患问题。要在留住人才和引进人才方面两手抓、两手都要硬。要留住那些毕业十余年，在兰工作奉献多年，经验丰富的大学生。以2006年为例，当时大学生月工资1000元，房价4千元/平米，多年来房价飞涨，这些大学生目前大都是单位工作的实干者和中坚力量，但仍然买不起房，心情失落！避免王三运时期失败的人才战略，导致流失的人才比引进的人才数量还多的问题。 二、从政策实效角度讲 制定政策应结合兰州实际，因地制宜。兰州较二线城市比，大学生的月工资低，房价高。对刚毕业的大学生应给予补助和鼓励租房相结合的政策，因为给予10-20万元的补助也很难买的起房；对工作多年的无房大学生可能就差这些补助加上房贷刚好买得起房。 三、从促进发展角度讲 制定政策应公平公正，避免一刀切。只要是无房的大学生都应该补助，资金多的多补，少的少补。 综上所述，建议有关主管部门出台大学生购房补助政策时，不分毕业年限，以学历学位和无房为主要条件，均给以好政策。对近年应届大学生给予租房或购房补助的好政策，对往届毕业生给予购房补助的好政策。请人社、房管、税务等部门统筹考虑以上政策，尽快出台相关政策，为新老大学生留兰提供条件。,JY20180601419,2018-06-21 10:32:19,处理完毕,"网友：
     您好！ 6月21 日，您在甘肃政务服务网“我要建议”栏目留言，反映对于兰州市人口增长战略级大学生购房、租赁补贴等政策有关建议的问题，现答复如下：
     近年，我市一直高度重视人才工作，在引进和留住人才上做了大量而卓有成效的工作，目前也正在通过多种方式积极开展此项工作。今年，市委人才办牵头起草了《全面加强人才工作的实施意见》，此《意见》着力破解我市人才管理体制和人才培养、引进、评价上存在的体制机制障碍，补齐发展短板，其中对大学生来兰、留兰住房补贴做了详细的规定。目前，此《意见》市政府常务会已审议通过，待市委常委会审议通过后即可印发执行。
      感谢您对我们工作的关心和支持，欢迎继续提出宝贵意见和建议！
                                                                                                                                     兰州市人社局
                                                                                         2018年7月5日",市人社局,2018-07-04 11:12:35
http://www.gszwfw.gov.cn/gszw/zxts/detail.do?webid=1&code=JY20180501394&querycode=QC892105,甘肃公安政务服务平台无法进入,用360浏览器登录甘肃政务政务服务网，点击新生儿童重名查询，进入甘肃公安政务服务平台后一直显示浏览器版本低，但已经是最新的浏览器了，怎么回事？能不能优化一下,JY20180501394,2018-05-31 14:46:35,处理完毕,"网友:
      您好！您在甘肃政务服务网“我要建议”栏目的留言，反映""甘肃公安政务服务平台无法进入""的问题，现答复如下：
      “甘肃公安政务服务平台” 推荐使用Internet Explorer10以上Web浏览器，分辨率设置为1280*720及以上。建议您检查升级您的IE浏览器版本，360浏览器建议您切换到极速模式进行使用。
      目前，甘肃政务服务网相关页面及功能正在持续优化完善中，感谢您对我们工作的关心和支持，欢迎继续提出宝贵意见和建议。
                                                                                                       省政务服务管理办公室
                                                                                                             2018年6月14日
                                                                                                                            ",省政府政务服务中心,2018-06-14 18:19:47
http://www.gszwfw.gov.cn/gszw/zxts/detail.do?webid=1&code=JY20180501393&querycode=QC051600,个人信息无法修改,1：个人中心里显示的身份信息，身份证号，姓名，显示修改成功，但是刷新后还是原来的，。。。那么问题来了，1.1:如果不让修改这两项，那就直接改成灰色的，如果可以，请处理，，，，， 1.2:还有如果不可以改，那我换了这个手机号，都没办法注册我的信息了，现在的信息都是别人的当时注册的信息。请处理。2：在我为政府网站找错那里，验证码输了许多遍，大小写没问题，字母数字没问题，就是没办法,JY20180501393,2018-05-30 11:25:56,处理完毕,"网友:
     您好！您在甘肃政务服务网“我要建议”栏目的留言，反映""个人信息无法修改""的问题，现答复如下：
     您遇到的更换手机号后无法注册的问题，可以直接联系我们技术支持电话0931-8558924进行咨询解决。对于验证码模糊看不清的问题，我们已进行了优化。无法修改信息的问题，我们正在优化完善中。
     目前，甘肃政务服务网相关页面及功能正在持续优化完善中，感谢您对我们工作的关心和支持，欢迎继续提出宝贵意见和建议。
                                                                                                       省政务服务管理办公室
                                                                                                             2018年6月14日",省政府政务服务中心,2018-06-14 18:23:39
http://www.gszwfw.gov.cn/gszw/zxts/detail.do?webid=1&code=JY20180501389&querycode=QC001184,能不能直接用注册号与企业法人姓名关联登录,在完善企业信息对话栏内，工商局查询的店名（本人工商登记证丢失，已登报声明），怎么反复提示错误。能不能根据注册号直接登录。,JY20180501389,2018-05-28 20:26:42,处理完毕,"网友:
     您好！您在甘肃政务服务网“我要建议”栏目的留言，反映""能不能直接用注册号与企业法人姓名关联登录""的问题，现答复如下：
     甘肃政务服务网法人账号注册，可直接通过注册号进行注册登录。若注册时提示“工商号已存在”等提示，可联系我们技术支持电话0931-8558924进行查询处理。
     目前，甘肃政务服务网相关页面及功能正在持续优化完善中，感谢您对我们工作的关心和支持，欢迎继续提出宝贵意见和建议。
                                                                                                       省政务服务管理办公室
                                                                                                             2018年6月14日",省政府政务服务中心,2018-06-14 18:26:33
http://www.gszwfw.gov.cn/gszw/zxts/detail.do?webid=1&code=JY20180501388&querycode=QC585934,工商局个体执照找不到注销的地方,在工商局的版块里无法找到注销个体户营业执照的版块,JY20180501388,2018-05-26 23:15:10,处理完毕,"网友:
     您好！您在甘肃政务服务网“我要建议”栏目的留言，反映""工商局个体执照找不到注销的地方""的问题，现答复如下：
     您注册好账号并登录后，可在甘肃政务服务网首页的“专项服务”板块里，进入“工商登记”页面进行个体执照等相关业务的办理。
     目前，甘肃政务服务网相关页面及功能正在持续优化完善中，感谢您对我们工作的关心和支持，欢迎继续提出宝贵意见和建议。
                                                                                                       省政务服务管理办公室
                                                                                                             2018年6月14日",省政府政务服务中心,2018-06-14 18:28:02
http://www.gszwfw.gov.cn/gszw/zxts/detail.do?webid=1&code=JY20180501379&querycode=QC837687,甘肃什么时候可以免费手机高考查分,我是一名乡村学生，家里没有电脑，需要走十几里地去县城上网才能查到高考成绩，电信和移动支持电话查分，但是一分钟收好几块钱，确实太贵了。全国很多省份都开通了通过手机直接查询高考成绩，现在都移动互联网时代了，请问咱们甘肃省什么时候能开通通过手机查询高考成绩的通道，谢谢。,JY20180501379,2018-05-23 10:17:37,处理完毕,"网友：
     您好！您在甘肃政务服务网“我要投诉”栏目留言，反映甘肃什么时候可以免费手机高考查询的问题，现答复如下：
       请您微信关注甘肃教育或者登录微博甘肃省教育厅均可以查询高考成绩等相关信息。
       感谢您对我们工作的关心和支持，欢迎继续提出宝贵意见和建议。
                                                                                                               省教育厅
                                                                                                       2018年7月17日",省教育厅,2018-07-09 15:29:18
http://www.gszwfw.gov.cn/gszw/zxts/detail.do?webid=1&code=JY20180501378&querycode=QC753674,移出经营异常名录的页面一直出现错误,移出经营异常名录时，在企业用户绑定页面 一直出现错误，绑定不了。,JY20180501378,2018-05-17 12:59:01,处理完毕,"网友:
     您好！您在甘肃政务服务网“我要建议”栏目的留言，反映""移出经营异常名录的页面一直出现错误""的问题，现答复如下：
     您在甘肃政务服务网注册好账号后，若登录时提示和工商系统进行账号密码的关联绑定的操作，出现问题可及时联系我们技术支撑电话0931-8558924，由我们工作人员协调处理。
     目前，甘肃政务服务网相关页面及功能正在持续优化完善中，感谢您对我们工作的关心和支持，欢迎继续提出宝贵意见和建议。
                                                                                                       省政务服务管理办公室
                                                                                                             2018年6月8日",省政府政务服务中心,2018-06-08 18:29:44
http://www.gszwfw.gov.cn/gszw/zxts/detail.do?webid=1&code=JY20180501373&querycode=QC031116,办理进度查询,已办理业务无法在主页找到，需进入相关业务再退回主页才能显示出来,JY20180501373,2018-05-15 09:32:21,处理完毕,"网友:
     您好！您在甘肃政务服务网“我要建议”栏目的留言，反映""办理进度查询""的问题，现答复如下：
     已办理的业务可通过2种方式查询：一是在甘肃政务服务网新版首页右侧点击“进度查询”，输入办件编号和查询密码进行查询；二是登录您的账号，在个人用户中心里进行查看。
     目前，甘肃政务服务网相关页面及功能正在持续优化完善中，感谢您对我们工作的关心和支持，欢迎继续提出宝贵意见和建议。
                                                                                                       省政务服务管理办公室
                                                                                                             2018年5月22日",省政府政务服务中心,2018-05-22 18:33:55
http://www.gszwfw.gov.cn/gszw/zxts/detail.do?webid=1&code=JY20180501371&querycode=QC467889,在甘肃政务网个人注册时个人信息填写失误,在甘肃政务网个人注册时将用户名fqsm18424的个人信息填写失误，真实姓名“任晓明”误写成“寇彪”。 在办理业务时无法通过，请给予更正。,JY20180501371,2018-05-11 14:26:32,处理完毕,"网友:
     您好！您在甘肃政务服务网“我要建议”栏目的留言，反映""在甘肃政务网个人注册时个人信息填写失误""的问题，现答复如下：
     经查询，您注册的用户名fqsm18424对应的姓名为“任晓明”，不是“寇彪”，请确认。
     目前，甘肃政务服务网相关页面及功能正在持续优化完善中，感谢您对我们工作的关心和支持，欢迎继续提出宝贵意见和建议。
                                                                                                       省政务服务管理办公室
                                                                                                             2018年5月29日",省政府政务服务中心,2018-05-29 18:37:24
http://www.gszwfw.gov.cn/gszw/zxts/detail.do?webid=1&code=JY20180501360&querycode=QC159927,个体商户申请费半天劲才能找到。,个体商户申请费半天劲才能找到，书面流程初始对不上，网络流程初始对不上。流程最开始就不明确。如个体户申请最开始流程就是：企业登记-，在首页哪里能找到？最后废了九牛二虎之力，首页——专项服务项——工商登记——然后才是个人，企业登记，名称。希望网络流程简单明确。新手办起来跟登天一样难，最后没办法找人代办，因为根本找不到。多为便民考虑。,JY20180501360,2018-05-02 13:54:23,处理完毕,"网友：
      您好！ 您在甘肃政务服务网“我要建议”栏目留言，反映企业变更登记的问题现答复如下：
      对于网友提出办理系统使用不便的意见和建议，我局目前正在不断地对网络流程进行升级和优化，在此对网友办理工商业务带来的不便，我们表示深切的歉意。
      感谢您对我们工作的关心和支持，欢迎继续提出宝贵意见和建议。             
                                                                                                                  
                                                                                                                    省工商局
                                                                                                                 2018年6月15日",省工商局,2018-06-15 09:52:44
http://www.gszwfw.gov.cn/gszw/zxts/detail.do?webid=1&code=JY20180401355&querycode=QC756501,新版登陆太费劲,甘肃政务网新版登陆每次没有20多分钟很难登陆上去，程序复杂，识别程序多，伤透脑筋。不要说一般的文化程度低的普通老百姓。就是有一定学历和网络办公经验的人，让人感觉不舒畅，感觉甘肃很多政务官网设置不是从方便群众入手，官气太浓，套路太多，令人费解，应该简化程序，方便群众。,JY20180401355,2018-04-28 15:21:42,处理完毕,"网友:
     您好！您在甘肃政务服务网“我要建议”栏目的留言，反映""新版登陆太费劲""的问题，现答复如下：
     目前，甘肃政务服务网相关页面及功能正在持续优化完善中，我们将持续对甘肃政务服务网的登录体验进行优化，争取为大家带来更好的使用体验。
     感谢您对我们工作的关心和支持，欢迎继续提出宝贵意见和建议。
                                                                                                       省政务服务管理办公室
                                                                                                             2018年5月14日",省政府政务服务中心,2018-05-14 18:43:16
http://www.gszwfw.gov.cn/gszw/zxts/detail.do?webid=1&code=JY20180401352&querycode=QC682809,个人注册相关问题,联通166号段在个人注册时会被错误的显示为号码格式不正确,JY20180401352,2018-04-26 09:25:57,处理完毕,"网友:
     您好！您在甘肃政务服务网“我要建议”栏目的留言，反映""个人注册相关问题""的问题，现答复如下：
     根据您反馈的问题，我们已对注册和短信功能进行升级，目前已实现166号段的短信发送和注册。
     目前，甘肃政务服务网相关页面及功能正在持续优化完善中，感谢您对我们工作的关心和支持，欢迎继续提出宝贵意见和建议。
                                                                                                       省政务服务管理办公室
                                                                                                             2018年6月4日",省政府政务服务中心,2018-06-04 18:44:20
http://www.gszwfw.gov.cn/gszw/zxts/detail.do?webid=1&code=JY20180401341&querycode=QC333329,手机APP,希望支持手机APP软件,JY20180401341,2018-04-19 16:51:30,处理完毕,"网友:
     您好！您在甘肃政务服务网“我要建议”栏目的留言，反映""支持手机APP软件""的问题，现答复如下：
     甘肃政务服务网APP正在进行开发中，相关功能开发完成并优化后，我们将第一时间在甘肃政务服务网发布相关信息。
     目前，甘肃政务服务网相关页面及功能正在持续优化完善中，感谢您对我们工作的关心和支持，欢迎继续提出宝贵意见和建议。
                                                                                                       省政务服务管理办公室
                                                                                                             2018年6月14日",省政府政务服务中心,2018-06-14 18:46:39
http://www.gszwfw.gov.cn/gszw/zxts/detail.do?webid=1&code=JY20180401340&querycode=QC440302,我公司未授权任何人在甘肃政务服务网注册登记。,"我公司从未在甘肃政务服务网注册登记。现在我公司办理工商企业公示的时候，要在甘肃政务服务网注册登记时，发现我公司已被别人注册绑定联系电话号码是13919940010，不是我公司员工所为。经我公司与甘肃政务服务网技术服务电话沟通，只有获取短信验证码才可以更改已绑定的手机号码。现怎么更改绑定联系电话,急需解决此问题。",JY20180401340,2018-04-19 16:05:58,处理完毕,"网友:
     您好！您在甘肃政务服务网“我要建议”栏目的留言，反映""公司未授权任何人在甘肃政务服务网注册登记""的问题，现答复如下：
     您可直接联系我们技术支持电话0931-8558924，验证相关身份材料后，帮助您变更接收短信的手机号码。
     目前，甘肃政务服务网相关页面及功能正在持续优化完善中，感谢您对我们工作的关心和支持，欢迎继续提出宝贵意见和建议。
                                                                                                       省政务服务管理办公室
                                                                                                             2018年4月27日",省政府政务服务中心,2018-04-27 18:49:33
http://www.gszwfw.gov.cn/gszw/zxts/detail.do?webid=1&code=JY20180301310&querycode=QC636061,办理事项历史记录无法查询,以前办理事项，无论是办结的还是未办结的，无法查询，麻烦告知一下，查询办法。,JY20180301310,2018-03-26 16:29:07,处理完毕,"网友:
     您好！您在甘肃政务服务网“我要建议”栏目的留言，反映""办理事项历史记录无法查询""的问题，现答复如下：
     已办理的业务可通过2种方式查询：一是在甘肃政务服务网新版首页右侧点击“进度查询”，输入办件编号和查询密码进行查询；二是登录您的账号，在个人用户中心里进行查看。
     目前，甘肃政务服务网相关页面及功能正在持续优化完善中，感谢您对我们工作的关心和支持，欢迎继续提出宝贵意见和建议。
                                                                                                       省政务服务管理办公室
                                                                                                             2018年4月13日",省政府政务服务中心,2018-04-13 18:54:03
http://www.gszwfw.gov.cn/gszw/zxts/detail.do?webid=1&code=JY20180301298&querycode=QC761996,页面不稳定，相关信息无法查找,申请律师执业，弹出打印申报告知单页面，点击后页面消失，打印失败，申报号及密码均不可再查找，非常的影响申请。,JY20180301298,2018-03-15 13:07:05,处理完毕,"网友:
     您好！您在甘肃政务服务网“我要建议”栏目的留言，反映""页面不稳定，相关信息无法查找""的问题，现答复如下：
     您反馈的关于“申报告知单消失、无法打印”的问题已收悉，我们正在安排相关技术人员对此问题进行研究落实，提出相应的解决方案，并督促尽快完成优化和上线，给您带来的不便深感抱歉。
     目前，甘肃政务服务网相关页面及功能正在持续优化完善中，感谢您对我们工作的关心和支持，欢迎继续提出宝贵意见和建议。
                                                                                                       省政务服务管理办公室
                                                                                                             2018年4月13日",省政府政务服务中心,2018-04-13 18:55:46
http://www.gszwfw.gov.cn/gszw/zxts/detail.do?webid=1&code=JY20180301292&querycode=QC978711,外省手机无法完成政务服务网注册,外省手机无法完成政务服务网注册，影响企业在线申报,JY20180301292,2018-03-07 15:54:12,处理完毕,"网友:
     您好！您在甘肃政务服务网“我要建议”栏目的留言，反映""外省手机无法完成政务服务网注册""的问题，现答复如下：
     目前省外电信手机号码已实现短信的接收，可正常注册账号，省外移动、联通手机号码，我们正在积极协调相关运营商解决此问题。
     目前，甘肃政务服务网相关页面及功能正在持续优化完善中，感谢您对我们工作的关心和支持，欢迎继续提出宝贵意见和建议。
                                                                                                       省政务服务管理办公室
                                                                                                             2018年6月14日",省政府政务服务中心,2018-06-14 18:56:58
http://www.gszwfw.gov.cn/gszw/zxts/detail.do?webid=1&code=JY20180301284&querycode=QC534853,没有相关咨询电话,网站改版后，没有相关操作帮助，登陆进来后，找不到以前工商名称核准的页面了，没有之前网站方便，也没有咨询电话，找了很久还是没有找到要找的页面。,JY20180301284,2018-03-06 10:40:33,处理完毕,"网友:
     您好！您在甘肃政务服务网“我要建议”栏目的留言，反映""没有相关咨询电话""的问题，现答复如下：
     您注册好账号并登录后，可在甘肃政务服务网首页的“专项服务”板块里，进入“工商登记”页面进行个体执照等相关业务的办理。相关业务办理可咨询甘肃省工商局信息技术咨询电话0931-8533123。
     目前，甘肃政务服务网相关页面及功能正在持续优化完善中，感谢您对我们工作的关心和支持，欢迎继续提出宝贵意见和建议。
                                                                                                       省政务服务管理办公室
                                                                                                             2018年3月26日",省政府政务服务中心,2018-03-26 19:00:04
http://www.gszwfw.gov.cn/gszw/zxts/detail.do?webid=1&code=JY20180301281&querycode=QC993376,感觉没有以前好用,我的翁10是不是不匹配，反正用起来太麻烦，还有咨询你们省局的人总是推来推去。,JY20180301281,2018-03-01 15:14:14,处理完毕,"网友:
     您好！您在甘肃政务服务网“我要建议”栏目的留言，反映""感觉没有以前好用""的问题，现答复如下：
     甘肃政务服务网新版首页上线后，我们在积极收集和采纳社会公众的意见建议，不断完善甘肃政务服务网的各项功能，为您带来更好的使用体验。
     目前，甘肃政务服务网相关页面及功能正在持续优化完善中，感谢您对我们工作的关心和支持，欢迎继续提出宝贵意见和建议。
                                                                                                       省政务服务管理办公室
                                                                                                             2018年3月22日",省政府政务服务中心,2018-03-22 19:03:17
http://www.gszwfw.gov.cn/gszw/zxts/detail.do?webid=1&code=JY20180201269&querycode=QC247339,建议增设留言修改功能,技术人员你好： 1、建议在个人用户中心我的留言项目中增加编辑或者修改功能，使用户可以编辑或者修改自己的留言。 2、建议增加在线问答功能。,JY20180201269,2018-02-22 10:56:15,处理完毕,"网友:
     您好！您在甘肃政务服务网“我要建议”栏目的留言，反映""建议增设留言修改功能""的问题，现答复如下：
     为了保障用户留言信息的真实性和有效性，系统目前无法对已提交的留言进行修改和编辑。目前甘肃政务服务网设置了智能问答模块，可以咨询使用中的常见问题，此栏目我们在不断的补充和完善中。
     目前，甘肃政务服务网相关页面及功能正在持续优化完善中，感谢您对我们工作的关心和支持，欢迎继续提出宝贵意见和建议。
                                                                                                       省政务服务管理办公室
                                                                                                             2018年3月16日",省政府政务服务中心,2018-03-16 19:06:16
http://www.gszwfw.gov.cn/gszw/zxts/detail.do?webid=1&code=JY20180201268&querycode=QC092667,过渡期内，无法登陆,新网站经过半个多月的运行，作为企业工作人员，感觉到十分不便，无法登陆问题得不到合理解决。具体情况如下：1.工商登记，在老网站现在可用的情况下，基本不影响企业正常工商事务办理；2.其他事务登记，没有老网站，无法登陆，经打电话咨询，解决措施有，但根本不实际，不能使用目前企业实际信息完成修改密码，导致事务办理耽搁，影响企业正常经营。（具体为：天水聚力生物电子有限公司，法定代表人在2017年6月因达到退休年龄，已做工商变更登记，需要修改登录密码，但是技术部门答复，要求用原法定代表人的身份证复印件，实际情况是原法定代表人已退休，不方便配合，导致无法修改密码）恳请技术部门，根据各企业实际登记信息，优化修改密码途径。,JY20180201268,2018-02-13 18:38:36,处理完毕,"网友:
     您好！您在甘肃政务服务网“我要建议”栏目的留言，反映""过渡期内，无法登陆""的问题，现答复如下：
     给您带来的不便我们深感抱歉。甘肃政务服务网新版上线后，我们不断收集和采纳广大网友的意见和建议，关于您反馈的“优化修改密码途径”及相关问题，我们第一时间组织技术人员研究处理，开发出了 “甘肃政务服务网密码重置系统”，现已在各级政府政务大厅启用，您可前往办理。
     目前，甘肃政务服务网相关页面及功能正在持续优化完善中，感谢您对我们工作的关心和支持，欢迎继续提出宝贵意见和建议。
                                                                                                       省政务服务管理办公室
                                                                                                             2018年6月14日",省政府政务服务中心,2018-06-14 19:07:33
http://www.gszwfw.gov.cn/gszw/zxts/detail.do?webid=1&code=JY20180201264&querycode=QC627076,无法修改信息,因第一次在政务服务网法人注册，企业工商注册号填错无法修改,JY20180201264,2018-02-08 14:42:01,处理完毕,"网友:
     您好！您在甘肃政务服务网“我要建议”栏目的留言，反映""无法修改信息""的问题，现答复如下：
     您在甘肃政务服务网注册好账号后，企业工商注册号是无法修改的。您可联系我们技术支持电话0931-8558924进行反馈，处理您注册异常的账号信息，然后重新注册账号。
     目前，甘肃政务服务网相关页面及功能正在持续优化完善中，感谢您对我们工作的关心和支持，欢迎继续提出宝贵意见和建议。
                                                                                                       省政务服务管理办公室
                                                                                                             2018年2月26日",省政府政务服务中心,2018-02-26 19:09:16
http://www.gszwfw.gov.cn/gszw/zxts/detail.do?webid=1&code=JY20180201263&querycode=QC358764,注册政务网信息填写错误无法修改,注册政务网后工商注册号码信息有误无法修改,JY20180201263,2018-02-08 14:06:52,处理完毕,"网友:
     您好！您在甘肃政务服务网“我要建议”栏目的留言，反映""注册政务网信息填写错误无法修改""的问题，现答复如下：
     您在甘肃政务服务网注册好账号后，企业工商注册号是无法修改的。您可联系我们技术支持电话0931-8558924进行反馈，处理您注册异常的账号信息，然后重新注册账号。
     目前，甘肃政务服务网相关页面及功能正在持续优化完善中，感谢您对我们工作的关心和支持，欢迎继续提出宝贵意见和建议。
                                                                                                       省政务服务管理办公室
                                                                                                             2018年2月26日",省政府政务服务中心,2018-02-26 19:10:08
http://www.gszwfw.gov.cn/gszw/zxts/detail.do?webid=1&code=JY20180201258&querycode=QC962808,关于社保查询,现在的版本没有社保查询功能，希望能在新版可以添加社保查询功能。谢谢！,JY20180201258,2018-02-06 11:35:21,处理完毕,"网友:
     您好！您在甘肃政务服务网“我要建议”栏目的留言，反映""社保查询""的问题，现答复如下：
     我们正在积极与各省级部门进行相应的系统对接，争取尽快予以解决。
     目前，甘肃政务服务网相关页面及功能正在持续优化完善中，感谢您对我们工作的关心和支持，欢迎继续提出宝贵意见和建议。
                                                                                                       省政务服务管理办公室
                                                                                                             2018年6月14日",省政府政务服务中心,2018-06-14 19:52:05
http://www.gszwfw.gov.cn/gszw/zxts/detail.do?webid=1&code=JY20180201253&querycode=QC676945,密码找回在新界面手机收不到验证验证码,在工商网上业务办理系统进行找回密码操作，一直提示找回密码失败，在甘肃政务服务网登陆，忘记密码，用手机找回密码，手机一直收不到验证码，反复多次，现在就直接没办法登陆,JY20180201253,2018-02-02 21:56:29,处理完毕,"网友:
     您好！您在甘肃政务服务网“我要建议”栏目的留言，反映""密码找回在新界面手机收不到验证验证码""的问题，现答复如下：
     通过甘肃政务服务网找回密码时，选择“通过手机短信找回密码”方式，可查看到所发送手机号码的后四位，请确认是否和您的手机号一致。若以前使用的手机号不再使用，无法正常接收短信，现可前往各级政府政务大厅进行密码找回。
     目前，甘肃政务服务网相关页面及功能正在持续优化完善中，感谢您对我们工作的关心和支持，欢迎继续提出宝贵意见和建议。
                                                                                                       省政务服务管理办公室
                                                                                                             2018年5月30日",省政府政务服务中心,2018-05-30 19:12:12
http://www.gszwfw.gov.cn/gszw/zxts/detail.do?webid=1&code=JY20180201250&querycode=QC953694,具体办事页面进不去,工商局要我公司把以前年度提交的 公示信息 修改正确后再重新提交，可是我在进入“确认企业信息”后就再也进不去了，总是提示“工商用户名或密码错误或该用户已被绑定”。新系统涉及的太复杂，用户名、登录名、统一信用代码、工商账号、工商密码等等一大堆，就是没有一个管用的。验证码也是大小写让人看不清，看似严禁，实则让人一头雾水。,JY20180201250,2018-02-01 17:19:28,处理完毕,"网友:
     您好！您在甘肃政务服务网“我要建议”栏目的留言，反映""具体办事页面进不去""的问题，现答复如下：
     给您带来的不便我们深感抱歉。您在使用甘肃政务服务网时，遇到的账号相关问题（如密码错误、用户已绑定等）可联系我们技术支持电话0931-8558924进行查询处理。关于您反馈的“验证码模糊”问题，我们已第一时间组织技术人员研究处理，现已解决。
     目前，甘肃政务服务网相关页面及功能正在持续优化完善中，感谢您对我们工作的关心和支持，欢迎继续提出宝贵意见和建议。
                                                                                                       省政务服务管理办公室
                                                                                                             2018年2月27日",省政府政务服务中心,2018-02-27 19:13:53
http://www.gszwfw.gov.cn/gszw/zxts/detail.do?webid=1&code=JY20180201249&querycode=QC608103,法人注册为什么显示工商注册号已存在,法人注册为什么显示工商注册号已存在，而且在找回密码的同时始终收不到验证码。假如被其他人重复申请注册，怎么才能更改注册时的手机号码。企业无法注册，后续在政务服务网的任何工作都无法继续！请给予帮助，谢谢！,JY20180201249,2018-02-01 17:18:44,处理完毕,"网友:
     您好！您在甘肃政务服务网“我要建议”栏目的留言，反映""""的问题，现答复如下：
     针对法人注册时提示工商号已存在的问题，说明您之前在省工商局业务系统注册过，为方便您使用，您在甘肃政务服务网可直接登录使用该账号。
     针对找回密码收不到验证码的问题，请确认您在工商系统预留的手机号是否还在使用，可联系我们技术支撑电话：0931-8558924进行查询处理。
     目前，甘肃政务服务网相关页面及功能正在持续优化完善中，感谢您对我们工作的关心和支持，欢迎继续提出宝贵意见和建议。
                                                                                                       省政务服务管理办公室
                                                                                                             2018年2月23日",省政府政务服务中心,2018-02-23 19:15:04
http://www.gszwfw.gov.cn/gszw/zxts/detail.do?webid=1&code=JY20180101245&querycode=QC654626,企业统一信用代码登录问题,1.企业在原先业务网上登录时，可以用企业统一信用代码登录。但在政务服务网上企业法人注册时显示该企业注册号已存在，请重新输入。若输入统一信用代码点击忘记密码手机找回，新输入手机号收不到验证码也无法找回，导致无法登陆。今天原网页关闭，信息无法提交，请问有没有什么解决办法？2.如果原网页个人注册的忘记注册账号，在新网页注册时需要绑定原网页的账号和密码，否则无法绑定无法操作，请问有没有什么找回方法？,JY20180101245,2018-01-30 17:27:55,处理完毕,"网友:
     您好！您在甘肃政务服务网“我要建议”栏目的留言，反映""企业统一信用代码登录问题""的问题，现答复如下：
     法人注册时提示工商号已存在，说明您之前在省工商局业务系统注册过，为方便您使用，您在甘肃政务服务网可直接登录使用该账号。找回密码收不到验证码的问题，请确认您在工商系统预留的手机号是否还在使用，可联系我们技术支撑电话0931-8558924进行查询处理。
     目前，甘肃政务服务网相关页面及功能正在持续优化完善中，感谢您对我们工作的关心和支持，欢迎继续提出宝贵意见和建议。
                                                                                                       省政务服务管理办公室
                                                                                                             2018年2月26日",省政府政务服务中心,2018-02-26 19:16:01
http://www.gszwfw.gov.cn/gszw/zxts/detail.do?webid=1&code=JY20180101244&querycode=QC193000,工商登录问题,我公司在以前的工商网上业务办理系统中使用的很正常，现在工商网上办理系统关闭了。在甘肃政务服务网上企业法人登录不了？我公司的密码一直未变过呀。试了很多遍都未能登录，重新注册又显示是已注册的企业,JY20180101244,2018-01-30 16:20:51,处理完毕,"网友:
     您好！您在甘肃政务服务网“我要建议”栏目的留言，反映""工商登录问题""的问题，现答复如下：
     您之前在工商业务系统注册的账号可直接在甘肃政务服务网登录使用。若登录时提示账号密码错误，或者通过手机短信找回密码收不到验证码等相关问题，可联系我们技术支撑电话：0931-8558924进行查询处理。
     目前，甘肃政务服务网相关页面及功能正在持续优化完善中，感谢您对我们工作的关心和支持，欢迎继续提出宝贵意见和建议。
                                                                                                       省政务服务管理办公室
                                                                                                             2018年2月26日",省政府政务服务中心,2018-02-26 19:16:53
http://www.gszwfw.gov.cn/gszw/zxts/detail.do?webid=1&code=JY20180101243&querycode=QC604856,新版适应阶段,法人登录进去，如果密码忘记了如何找回密码？找不到更改手机号的地方,JY20180101243,2018-01-30 15:54:56,处理完毕,"网友:
     您好！您在甘肃政务服务网“我要建议”栏目的留言，反映""新版适应阶段""的问题，现答复如下：
     您登录法人账号后，可点击右上角“用户中心”下的“账户设置”，在打开的页面中可修改手机号码。密码找回可点击法人登录框下的“法人忘记密码”，通过手机验证码找回密码。
     目前，甘肃政务服务网相关页面及功能正在持续优化完善中，感谢您对我们工作的关心和支持，欢迎继续提出宝贵意见和建议。
                                                                                                       省政务服务管理办公室
                                                                                                             2018年2月26日",省政府政务服务中心,2018-02-26 19:17:50
http://www.gszwfw.gov.cn/gszw/zxts/detail.do?webid=1&code=JY20180101242&querycode=QC930764,跳转工商网后无法登陆,从政务网点击工商登记并且跳转到工商登记网后依旧无法登陆。,JY20180101242,2018-01-30 15:44:52,处理完毕,"网友:
     您好！您在甘肃政务服务网“我要建议”栏目的留言，反映""跳转工商网后无法登陆""的问题，现答复如下：
     您反馈的关于跳转到工商登记网后无法登陆的问题，需要您提供相关账号进行查询解决，建议您直接联系我们技术支持电话0931-8558924进行查询解决。
     目前，甘肃政务服务网相关页面及功能正在持续优化完善中，感谢您对我们工作的关心和支持，欢迎继续提出宝贵意见和建议。
                                                                                                       省政务服务管理办公室
                                                                                                             2018年2月26日",省政府政务服务中心,2018-02-26 19:19:05
http://www.gszwfw.gov.cn/gszw/zxts/detail.do?webid=1&code=JY20180101241&querycode=QC887747,无法进入工商办理业务,在原工商网已注册过，又在甘肃政务服务网上注册，密码和在工商网上注册的一样，成功登录后，进入工商登记，然后弹出确认企业信息，需要输入工商密码，输入密码后，弹出工商用户或密码错误或该用户已被绑定，这个问题该如何解决，急急急！,JY20180101241,2018-01-30 15:17:10,处理完毕,"网友:
     您好！您在甘肃政务服务网“我要建议”栏目的留言，反映""无法进入工商办理业务""的问题，现答复如下：
     您在甘肃政务服务网注册好账号后，若登录时提示和工商系统进行账号密码的关联绑定的操作，出现各种问题可及时联系我们技术支撑电话0931-8558924，由我们工作人员协调处理，或者您也可直接联系省工商局热线0931-8533123进行处理。
     目前，甘肃政务服务网相关页面及功能正在持续优化完善中，感谢您对我们工作的关心和支持，欢迎继续提出宝贵意见和建议。
                                                                                                       省政务服务管理办公室
                                                                                                             2018年2月26日",省政府政务服务中心,2018-02-26 19:20:09
http://www.gszwfw.gov.cn/gszw/zxts/detail.do?webid=1&code=JY20180101240&querycode=QC249735,甘肃省工商行政管理局网上业务办理系统切换到政务服务网无法使用,你好，我是兰州市一家以企业登记代理和代理记账为主的公司，1月30日，甘肃省工商行政管理局网上业务办理系统整个停止切换到甘肃政务服务网，目前存在的问题：1进入甘肃政务服务网工商局业务窗口不明确进不到工商局业务办理的系统，2操作太过复杂，3以前在工商局申请的账号信息找不到，4如果非要用甘肃政务服务网建议一键式进入，不要区分什么名称核准，企业登记设立，变更登记等等，越复杂越不会用，5建议恢复原来工商局业务网站。我本人从事这个行业6年，我都不会操作了，更不用说企业不熟悉这系统的人来用，,JY20180101240,2018-01-30 15:08:48,处理完毕,"网友:
     您好！您在甘肃政务服务网“我要建议”栏目的留言，反映""甘肃省工商行政管理局网上业务办理系统切换到政务服务网无法使用""的问题，现答复如下：
     针对工商业务办理系统，您可从甘肃政务服务网 “专项服务”板块 进入“工商登记”栏目，查询或办理工商业务。针对操作和使用流程我们正在根据广大网友反馈的意见不断进行升级优化。出现账号无法登陆、或者无法查询到账账号信息等问题，您可以直接联系技术支撑电话0931-8558924进行查询解决。
     目前，甘肃政务服务网相关页面及功能正在持续优化完善中，感谢您对我们工作的关心和支持，欢迎继续提出宝贵意见和建议。
                                                                                                       省政务服务管理办公室
                                                                                                             2018年2月26日",省政府政务服务中心,2018-02-26 19:21:07
http://www.gszwfw.gov.cn/gszw/zxts/detail.do?webid=1&code=JY20180101239&querycode=QC611195,找回密码,"忘记密码需要找回密码，因当时注册营业执照时的手机号码法人已经已停止使用或已重新换号,致使无法用手机短信找回密码,建议用法人身份证号码找回密码既方便又快捷！",JY20180101239,2018-01-30 14:40:32,处理完毕,"网友：
      您好！您在甘肃政务服务网“我要建议”栏目留言，反映网上变更不了的问题，现答复如下：
      2018年1月1日起甘肃省工商注册登记业务统一在“甘肃政务服务网”进行申报。为此现有工商业务系统新注册用户功能关闭，新用户注册请在甘肃政务服务网 http://www.gszwfw.gov.cn 进行。在过渡期间工商业务系统登录入口保留使用。   
       1、如果网友登录甘肃政务服务网 http://www.gszwfw.gov.cn 之前 ，在甘肃省工商管理局局网上业务办理系统 http://nj.gsaic.gov.cn 注册过，用户绑定信息就用注册过的用户名和密码进行绑定；
      2、如果网友登录甘肃政务服务网 http://www.gszwfw.gov.cn 之前 ，在甘肃省工商管理局局网上业务办理系统 http://nj.gsaic.gov.cn没有注册过，用户绑定信息就用登录甘肃政务服务网时注册的用户名和密码进行绑定；  
      3、 如果忘记密码，可登录“甘肃省工商管理局网上业务办理系统”或“http://nj.gsaic.gov.cn”网页，点击“忘记密码”选项，可找回密码；
      4、 登录用户名忘记，只能请拨打甘肃省工商局信息技术咨询电话进行找回。
      甘肃省工商局信息技术咨询电话：0931-8533123
      平时咨询人员较多，电话占线时间较长，请耐心拨打电话具体咨询。
      感谢您对我们工作的关心和支持，欢迎继续提出宝贵意见和建议。      
                                                                                                                             省工商局
                                                                                                                         2018年2月1日",省工商局,2018-02-01 16:59:27
http://www.gszwfw.gov.cn/gszw/zxts/detail.do?webid=1&code=JY20180101238&querycode=QC612592,关于新版页码的几点建议,1.新版首页面上“最新发布”和“最新公告”有什么区别吗？最新公告是否可换成最新动态较为妥当。2.可否将文件发布、政策解读、工作动态等内容直接在首页面上显示。3.注册登录板块占的位置太大了。4.审批也是服务，面对群众没必要刻意区分审批与服务，热点审批、热点服务板块内容设置不够优化，首页显得杂乱。 不成熟的建议，谢谢。,JY20180101238,2018-01-30 14:32:25,处理完毕,"网友:
     您好！您在甘肃政务服务网“我要建议”栏目的留言，反映""关于新版页码的几点建议""的问题，现答复如下：
     我们已根据广大网友的相关建议，对首页“最新发布”和“最新公告”板块进行了优化完善，按照省政府办公厅“四办”改革要求，“最新发布”和“最新公告”已升级为“放管服”改革动态。
     目前，甘肃政务服务网相关页面及功能正在持续优化完善中，感谢您对我们工作的关心和支持，欢迎继续提出宝贵意见和建议。
                                                                                                       省政务服务管理办公室
                                                                                                             2018年2月26日",省政府政务服务中心,2018-02-26 19:22:21
http://www.gszwfw.gov.cn/gszw/zxts/detail.do?webid=1&code=JY20180101235&querycode=QC086102,新版须知,注册公司、变更登记不知道从哪进入，感觉旧版的要清晰明了些,JY20180101235,2018-01-29 16:43:30,处理完毕,"网友:
     您好！您在甘肃政务服务网“我要建议”栏目的留言，反映""新版须知""的问题，现答复如下：
     您注册好账号并登录后，可在甘肃政务服务网首页的“专项服务”板块里，进入“工商登记”页面进行注册公司、变更登记等相关业务的办理。
     目前，甘肃政务服务网相关页面及功能正在持续优化完善中，感谢您对我们工作的关心和支持，欢迎继续提出宝贵意见和建议。
                                                                                                       省政务服务管理办公室
                                                                                                             2018年2月13日",省政府政务服务中心,2018-02-13 19:23:10
http://www.gszwfw.gov.cn/gszw/zxts/detail.do?webid=1&code=JY20180101234&querycode=QC076300,酒泉肃州区子站页面过大，建议调整一下分辨率,在酒泉肃州区办理事项的时候，页面显示的内容有点大，建议缩小一下分辨率，要不然我每次切换到酒泉的时候要手工调整分辨率。,JY20180101234,2018-01-29 10:06:56,处理完毕,"网友:
     您好！您在甘肃政务服务网“我要建议”栏目的留言，反映""酒泉肃州区子站页面过大，建议调整一下分辨率""的问题，现答复如下：
     感谢您对甘肃政务服务网的关注，您反馈的“肃州区子站页面过大”的问题已收悉，目前已安排技术人员完成修复，页面显示正常。
     目前，甘肃政务服务网相关页面及功能正在持续优化完善中，感谢您对我们工作的关心和支持，欢迎继续提出宝贵意见和建议。
                                                                                                       省政务服务管理办公室
                                                                                                             2018年2月26日",省政府政务服务中心,2018-02-26 19:25:05
http://www.gszwfw.gov.cn/gszw/zxts/detail.do?webid=1&code=JY20180101223&querycode=QC741828,关于身份证办理进度的建议,尊敬的省公安厅制证中心，由于现在身份证随时随地都需要，没有身份证好像处处受限，随身携带也就成了必然，但是由于疏忽大意，身份证常常出现丢失，有时候办理有些事，临时身份证是不可以用的，新补办的身份证有时候需要好久好久，耽误好多事，希望政府把这些关系千家万户的事能否再快点办理，让老百姓得到切身利益的保障，随时享受科技带给我们的便利！ 谢谢！！！,JY20180101223,2018-01-26 18:17:59,处理完毕,"网友：
     您好！您在甘肃政务服务网“我要建议”栏目留言，反映身份证办理进度的问题，现答复如下：
     身份证办理是依据《中华人民共和国居民身份证法》的规定进行办理。目前，我们已经采取了相关身份证办理的便民利民措施，相关措施正在落实中。
    感谢您对我们工作的关心和支持，欢迎继续提出宝贵意见和建议。
                                                                                                                    省公安厅  
                                                                                                            2018年2月26日
   ",省公安厅,2018-02-26 18:16:53
http://www.gszwfw.gov.cn/gszw/zxts/detail.do?webid=1&code=JY20180101215&querycode=QC278397,代办事项,能不能在个人用户或法人用户下面，设置一个代办事项菜单，方便查询自己在办理的事项进度。,JY20180101215,2018-01-19 10:32:57,处理完毕,"网友:
     您好！您在甘肃政务服务网“我要建议”栏目的留言，反映""代办事项""的问题，现答复如下：
     您登录个人或法人账号后，在个人用户中心里，可以查询办理事项进度。
     目前，甘肃政务服务网相关页面及功能正在持续优化完善中，感谢您对我们工作的关心和支持，欢迎继续提出宝贵意见和建议。
                                                                                                       省政务服务管理办公室
                                                                                                             2018年1月30日",省政府政务服务中心,2018-01-30 19:38:49
http://www.gszwfw.gov.cn/gszw/zxts/detail.do?webid=1&code=JY20180101214&querycode=QC592263,企业集团设立登记,企业集团设立登记属于法人办事范畴，法人登录之后会显示您属于企业用户无法办理个人事项；用个人登录之后又会显示无法办理法人事项，请予以指导，谢谢！,JY20180101214,2018-01-18 11:07:14,处理完毕,"网友：
       您好！您在甘肃政务服务网“我要建议”栏目留言，反映企业集团设立登记的问题，现答复如下：
       您若需要办理法人事项，请登录法人账号，点击“行政审批”版块，选择省级部门（如省工商局），然后打开部门事项页面，勾选“仅显示可以在线办理事项”及“法人事项”，便可选择您需要办理的事项进行在线申报。省工商局事项可在该页面直接点击“工商登记网上办理入口”。  
      感谢您对我们工作的关心和支持，欢迎继续提出宝贵意见和建议。            

                                                                                                                                                                                                        省政府政务服务中心  
                                                                                                                           2018年1月22日            ",省政府政务服务中心,2018-01-22 12:28:04
http://www.gszwfw.gov.cn/gszw/zxts/detail.do?webid=1&code=JY20180101210&querycode=QC534957,办理工商营业执照无法登陆，密码无法找回。,通过个人身份证申请注册了甘肃政务服务网用户名和密码，又要和工商系统用户名密码进行关联绑定，但是输入后又出现信息错误！（没有更正提示）能不能把办理入口弄的简单一点。新版没有旧版好用。谢谢！,JY20180101210,2018-01-17 18:11:48,处理完毕,"网友:
     您好！您在甘肃政务服务网“我要建议”栏目的留言，反映""办理工商营业执照无法登陆，密码无法找回""的问题，现答复如下：
     您在甘肃政务服务网注册好账号后，若登录时提示和工商系统进行账号密码的关联绑定的操作，可及时联系我们技术支撑电话0931-8558924，由我们工作人员协调处理。
     目前，甘肃政务服务网相关页面及功能正在持续优化完善中，感谢您对我们工作的关心和支持，欢迎继续提出宝贵意见和建议。
                                                                                                       省政务服务管理办公室
                                                                                                             2018年2月9日",省政府政务服务中心,2018-02-09 19:27:44
http://www.gszwfw.gov.cn/gszw/zxts/detail.do?webid=1&code=JY20180101203&querycode=QC913307,网络系统之间转接迟缓,1、申请者申报资料从甘肃政务网转到白银市网上办公审批系统需要3天时间；2、申请资料查看页面打不开；,JY20180101203,2018-01-15 15:59:09,处理完毕,"网友:
     您好！您在甘肃政务服务网“我要建议”栏目的留言，反映""网络系统之间转接迟缓""的问题，现答复如下：
     您反馈的关于“申请者申报资料从甘肃政务网转到白银市网上办公审批系统需要3天时间；申请资料查看页面打不开”等问题已收悉，我们在收到留言后第一时间协调相关技术人员解决了该问题，给你带来的不便深感抱歉，我们将对相关系统功能进行优化完善，力争给您带来更好的使用体验。
     目前，甘肃政务服务网相关页面及功能正在持续优化完善中，感谢您对我们工作的关心和支持，欢迎继续提出宝贵意见和建议。
                                                                                                       省政务服务管理办公室
                                                                                                             2018年2月2日",省政府政务服务中心,2018-02-02 19:29:22
http://www.gszwfw.gov.cn/gszw/zxts/detail.do?webid=1&code=JY20180101201&querycode=QC231869,公司买五险后法人跑了，未将员工社保缴清，后期该怎么处理？,甘肃阳光车网信息技术有限公司在七里河买社保后倒闭关门，但未注销，关门后未将我们10人社保转出，现在属于欠缴状态，请问如何才能转出，我们后续在兰州无法继续买社保？我们有了解到广州，成都一些城市可以直接转出，找到新单位后续交即可，但是咨询七里河社保局后，他们要求10多位员工一起将公司及个人部分全部补交后才能正常转出，这样对我们是不合理的，我们已经是受害者，现在还要雪上加霜？,JY20180101201,2018-01-15 10:20:03,处理完毕,"网友：
       您好！ 您在甘肃政务服务网“我要投诉”栏目留言，反映有关社保转出等问题，现答复如下：
       按照《社会保险征缴条例》（中华人民共和国国务院令第259号令）第十三条：“缴费单位未按规定缴纳和代扣代缴社会保险费的，由劳动保障行政部门或者税务机关责令限期缴纳；逾期仍不缴纳的，除补缴欠缴数额外，从欠缴之日起，按日加收千分之二的滞纳金，滞纳金并入社会保险基金”的有关规定，兰州市辖区内企业欠缴社会保险费由地税部门严格按照《社会保险征缴条例》的规定予以清欠。
       关于企业未按规定缴纳社保费用的问题，您也可向劳动保障监察部门反映，根据《劳动保障监察条例》《甘肃省人民政府办公厅关于明确全省劳动保障监察管辖范围的通知》，甘肃阳光车网信息技术有限公司劳动保障监察权限在七里河区劳动保障监察大队，您可向七里河区劳动保障监察大队提出。
      关于办理社保转移的问题，应在您参保的社保经办机构办理，如您认为经办机构未依法为您办理社会保险关系转移或者接续手续，根据《社会保险行政争议处理办法》规定：认为经办机构未依法为其办理社会保险关系转移或者接续手续的；公民、法人或者其他组织可以直接向劳动保障行政部门申请行政复议，也可以先向作出该具体行政行为的经办机构申请复查，对复查决定不服，再向劳动保障行政部门申请行政复议。
      感谢您对我们工作的关心和支持，欢迎继续提出宝贵意见和建议。
                                                                                                             兰州市人社局
                                                                                                          2018年4月4日
        ",市人社局,2018-03-13 11:55:00
http://www.gszwfw.gov.cn/gszw/zxts/detail.do?webid=1&code=JY20180101192&querycode=QC880016,完善系统,为什么一个人只能申请一个注册号，而且原来的信息还找不到了,JY20180101192,2018-01-08 17:03:03,处理完毕,"网友:
     您好！您在甘肃政务服务网“我要建议”栏目的留言，反映""完善系统""的问题，现答复如下：
     甘肃政务服务网注册是根据用户身份信息判断账号唯一性的，一个身份证号、手机号只能注册一个账号，避免造成用户信息的重复，给办事带来不便。忘记账号或需要查询账号相关信息，您可直接联系我们技术支持电话0931-8558924进行查询解决。
     目前，甘肃政务服务网相关页面及功能正在持续优化完善中，感谢您对我们工作的关心和支持，欢迎继续提出宝贵意见和建议。
                                                                                                       省政务服务管理办公室
                                                                                                             2018年6月14日",省政府政务服务中心,2018-06-14 19:30:10
http://www.gszwfw.gov.cn/gszw/zxts/detail.do?webid=1&code=JY20180101190&querycode=QC728211,方便群众是关键！！！,你好，新版的政务服务网，基本上集中的各个部门的业务办理，这是最大的优势。但是当看到这样一张网页的时间，我们会在眼花缭乱中“傻眼”。 集中固然是优势，但是简单的操作就让群众办理完自己想办的事情，才是网上办理和集中办理的优势。因此，我有以下建议： 一是分类管理简约化。就像使用微信一样，让群众简简单单上手。 二是程序设计改进中加强市场调研。最简单的，让普通的初次办事的人员操作一下，我们就会知道我们需要改进那些。不是每个群众都有本科文凭，都熟悉网络操作，都熟悉网页的布局结构。 三是强化研究实名认证。实名认证是进一步实现电子化的基础信息。推荐使用火车票系统的实名认证模式。我们可以在任何单位的任何服务窗口上授权实名认证，该认证程序必须当事人到场，出示身份证等信息，拍照，确保基础信息的真是性。实名认证的信息各部门各系统共享。这不仅是实现电子化的基础信息，而且是实现信用管理体系现代化的基础。 四是打破思维定式，创新思维方式。这张网如果仅仅是将各个部门进行简单的连接，我想是失败的。打破思维定式，建立一张以群众为中心的便利的合法有效的网络，才是关键。如果群众网上办理了，再到各部门窗口办理。无形中增加了群众负担。群众办事的知识能力、技术能力、上网时间都是成本。 五是向发达地区学习。杭州提出了让群众最多跑一趟，或者不跑路。我们最然欠发达，但我们是政府部门，我们都不学习先进的理念，我们的群众该怎样在新的征程走的更快！ 六是充分考虑我们的服务对象。我们的服务对象是各个层次的都有，让博士生在网上办好一件事不难，难的是让文盲也能在网络上办好一件事。如果实现，这就是我们的创新和对群众最真心的服务。二十年前拍照是一件非常专业的工作，今天，三岁的孩子都会拍照。没有不可能，有的只是我们没有想到。,JY20180101190,2018-01-05 17:25:26,处理完毕,"网友:
     您好！您在甘肃政务服务网“我要建议”栏目的留言，反映""方便群众是关键""的问题，现答复如下：
     首先非常感谢您积极热情反馈的问题，针对您提出的6点建议，我们将在甘肃政务服务网建设优化完善和升级期间进行研究落实。
     目前，甘肃政务服务网相关页面及功能正在持续优化完善中，感谢您对我们工作的关心和支持，欢迎继续提出宝贵意见和建议。
                                                                                                       省政务服务管理办公室
                                                                                                             2018年1月22日",省政府政务服务中心,2018-01-22 19:31:29
http://www.gszwfw.gov.cn/gszw/zxts/detail.do?webid=1&code=JY20180101189&querycode=QC623899,注册信息,你好！本人在个人用户注册后，在个人用户登录后，出现个人用户绑定（确认用户信息栏中）工商帐号，工商密码。,JY20180101189,2018-01-05 16:09:08,处理完毕,"网友：
      您好！您在甘肃政务服务网“我要建议”栏目留言，反映网上变更不了的问题，现答复如下：
      2018年1月1日起甘肃省工商注册登记业务统一在“甘肃政务服务网”进行申报。为此现有工商业务系统新注册用户功能关闭，新用户注册请在甘肃政务服务网 http://www.gszwfw.gov.cn 进行。在过渡期间工商业务系统登录入口保留使用。 
       1、如果网友登录甘肃政务服务网 http://www.gszwfw.gov.cn 之前 ，在甘肃省工商管理局局网上业务办理系统 http://nj.gsaic.gov.cn 注册过，用户绑定信息就用注册过的用户名和密码进行绑定；
       2、如果网友登录甘肃政务服务网 http://www.gszwfw.gov.cn 之前 ，在甘肃省工商管理局局网上业务办理系统 http://nj.gsaic.gov.cn没有注册过，用户绑定信息就用登录甘肃政务服务网时注册的用户名和密码进行绑定。
       感谢您对我们工作的关心和支持，欢迎继续提出宝贵意见和建议。            
                                                                                                                                  省工商局
                                                                                                                             2018年1月16日

   ",省工商局,2018-01-16 10:21:38
http://www.gszwfw.gov.cn/gszw/zxts/detail.do?webid=1&code=JY20180101181&querycode=QC511373,无法登录工商局名称核准网站,在网站首页注册后，进入“公司名称核准”子栏目后，无法进入工商账号，也没有注册工商账号的地方。（因为是首次进入无法获取工商账号），谢谢！ 再者验证码辨认困难,JY20180101181,2018-01-03 10:44:16,处理完毕,"网友：
      您好！您在甘肃政务服务网“我要建议”栏目留言，反映网上变更不了的问题，现答复如下：
      我局及时经电话联系网友后，得知该网友是初次登录“甘肃政务服务网”，对操作流程不太熟悉，加之网页与工商部门对接不太通畅，导致无法提交相关业务。
      经过电话联系指导后，该问题现已解决。  
     感谢您对我们工作的关心和支持，欢迎继续提出宝贵意见和建议。            
                                                                                                                         省工商局
                                                                                                                     2018年1月9日",省工商局,2018-01-09 17:47:45
http://www.gszwfw.gov.cn/gszw/zxts/detail.do?webid=1&code=JY20171201169&querycode=QC615327,《流动人口电子婚育证明》如何通过网上申请,近期因工作需要，需要办理《流动人口电子婚育证明》，通过搜索发现，网上有大片新闻报道表明，甘肃在2015年已全面开放网络办理流程。可是在甘肃计生委计甘肃各个地方计生委的网站上没有任何可以网上办理的接口。网站上是否需要对相关办事流程进行说明并置于显眼的位置，以方便民众办理？纵览国内相对发达地区的政府网站，在线办理流程方面，需要甘肃政府直面学习的地方很多。大多外省数地区的证件办理，相关证明开具，已经实现了自助化、网络化。恳请甘肃政府在此方面，多多考虑民众需求。,JY20171201169,2017-12-22 11:31:51,处理完毕,"网民同志您好：
您在政务服务网关于“《流动人口电子婚育证明》如何通过网上申请”的网络留言收悉，现答复如下： 
    需要办理流动人口电子婚育证明的人员，持本人身份证或军官证等有效证件，在现居住地的社区或街道卫生服务中心办理。由社区或街道办工作人员登陆全省流动人口卫生计生服务管理平台查验后打印电子婚育证明，经街道或社区居委会盖章有效，有效期为三个月。
                                                                                  甘肃省卫生和计划生育委员会 
                                                                                           2017年1月2日",省卫计委,2018-01-04 22:26:36
http://www.gszwfw.gov.cn/gszw/zxts/detail.do?webid=1&code=JY20171201155&querycode=QC826174,网上办事处理时间,网上投诉处理时间超长，没有相关部门处理，网站也没有相应的追踪和追责机制。本人于2017-11-17 09:48:06 提交的 关于 住房公积金贷款不可自主选择还款方式 的投诉，至今无人处理，投诉内容：本人在陇南市徽县通过住房公积金购房，办理住房公金积贷款时，被告知不可自主选择还款方式，咨询过陇南市住房公积金管理中心，工作人员告知，系统不支持选择等额本金还款方式，只能选择等额本息，其原因为等额本息还款方式计算程序复杂，业务人员计算易出错，要保证住房公积金贷款的最大化收益等，因此只能提供等额本息还款方式。针对以上情况，本人认为该情况已经侵犯个人的合理权益，希望相关部门予以处理和监督。,JY20171201155,2017-12-08 10:06:06,处理完毕,"亲爱的网民，您好！对您建议的内容，现做出如下答复：
1、我中心贷款的还款方式支持等额本金还款。
2、在签订借款合同和贷款发放之前要向具体办事人员说明需要选择的还款方式，贷款已经发放成功的，不能再做更改，严格按照借款合同约定执行。
3、如需咨询、办理住房公积金贷款业务，请到所在地住房公积金管理部门咨询或者拨打12329、0939-5919089咨询。
感谢您对我们工作的支持。",住房公积金中心,2018-01-05 16:23:11
http://www.gszwfw.gov.cn/gszw/zxts/detail.do?webid=1&code=JY20171101120&querycode=QC601778,姓名公示错误,申请律师职业证，所公示的本人姓名：廖一彬是错误的，正确是姓名：廖益彬，希望工作人员变更所公示的姓名，谢谢！,JY20171101120,2017-11-07 18:26:11,处理完毕,"网友：
     您好！2017年11月7日，您在甘肃政务服务网“我要建议”栏目留言，反映姓名公示错误的问题，现答复如下：
     我中心收到您的建议后，第一时间与省司法厅和后台技术人员联系，您所反映的姓名公示错误问题已解决。  
     感谢您对我们工作的关心和支持，欢迎继续提出宝贵意见和建议。            
                                                                 
                                                                  省政府政务服务中心                                                                                              
                                                                    2017年11月9日  ",省政府政务服务中心,2017-11-10 10:03:06
http://www.gszwfw.gov.cn/gszw/zxts/detail.do?webid=1&code=JY20171101119&querycode=QC188464,甘肃政务网无法注册,甘肃政务服务网站无法办理医疗器械二类备案手续，信息填充正确后网上一直显示验证错误,JY20171101119,2017-11-07 12:13:30,处理完毕,"网友：
     您好！ 您在甘肃政务服务网“我要建议”栏目留言，反映甘肃政务网无法注册的问题，现答复如下：
     请即具体咨询系统管理人员，电话0931-7618101。
     感谢您对我们工作的关心和支持，欢迎继续提出宝贵意见和建议。
       

                                                                                               甘肃省食品药品监督管理局
                                                                                                       2017年11月10日


                                                                                                  ",省食品药品监管局,2017-11-10 13:27:10
http://www.gszwfw.gov.cn/gszw/zxts/detail.do?webid=1&code=JY20171101118&querycode=QC778552,省直第六期成绩,能不能网上公开省直第六期交通运输厅直属事业单位的笔试成绩,JY20171101118,2017-11-06 12:26:43,处理完毕,"网友：
     您好！您在甘肃政务服务网“我要建议栏目留言，反映省直第六期成绩的问题，现答复如下：
     为方便考生成绩查询，省直第六期省交通运输厅事业单位招录资格复审人员名单，已在各招录事业单位网站公布，请您登陆查询，如还有疑问，可以致电省交通运输厅人事劳资处咨询，咨询电话是0931-8485697
      感谢您对我们工作的关心和支持，欢迎继续提出宝贵意见和建议。
                                                                                                  省交通运输厅
                                                                                             2017年11月7日",省交通运输厅,2017-11-06 18:09:14
http://www.gszwfw.gov.cn/gszw/zxts/detail.do?webid=1&code=JY20171101114&querycode=QC298455,身份证办理进度,我的身份证于9月21日省厅制作完成分发，现在还没收到身份证到来，到本地派出所去了好几回就说没来，我等着急用，不是身份证办理一个月多就来吗，现在快二个月了，请督促赶紧派发到目的地！,JY20171101114,2017-11-04 12:38:21,处理完毕," 网友：
      您好！ 您在甘肃政务服务网“我要投诉”栏目留言，反映身份证办理进度的问题，现答复如下：
      我厅在接到留言后，第一时间与留言人取得联系，经详细了解身份证办理信息后查询，留言人的身份证已经邮递至您所在的县局，请您尽快前往领取。
      感谢您对我们工作的关心和支持，欢迎继续提出宝贵意见和建议。
                                                                                                           省公安厅
                                                                                                    2017年11月7日",省公安厅,2017-11-07 09:34:34
http://www.gszwfw.gov.cn/gszw/zxts/detail.do?webid=1&code=JY20171101113&querycode=QC714101,项目申报后无法联系,我公司文殊水库项目10月26日申报后至今没有答复，一直显示预审中，也无法查询相关信息。希望网站能够改进，可以随时跟进项目审核状态，及时给与回复。,JY20171101113,2017-11-02 17:18:52,处理完毕,"网友：
     您好！您在甘肃政务服务网“我要建议”栏目留言，反映项目申报后无法俩下的问题，现答复如下：
     你单位申报的文殊水库项目已通过项目预审，请通过甘肃政务服务网查看，可准备相关报件资料，报省政府政务大厅投资项目并联审批综合窗口受理台办理。 
     感谢对我委工作的关心和支持，欢迎提出宝贵的意见和建议。
                                                                                                    甘肃省发展和改革委员会
                                                                                                       2017年11月14日
                ",省发展改革委,2017-11-13 09:35:46
http://www.gszwfw.gov.cn/gszw/zxts/detail.do?webid=1&code=JY20171001108&querycode=QC101155,2018年国考关于基层服务项目的问题,尊敬的领导： 您好！本人于2012年参加甘肃省“一万名”基层服务项目考试，现服务于基层单位，可是在2018年国考的报名中，将“一万名”基层服务项目未纳入国家规定的基层服务项目中，让本人失去了相关职位的报考机会，望领导可以给予合理的答复及相关解决措施。毕竟“一万名”基层项目服务人员人数好几万人，均在乡镇最基层的岗位上工作。希望借十九大的春风，能够有机会报考有关限定基层服务项目的岗位。 谢谢！,JY20171001108,2017-10-30 19:49:59,处理完毕,"网友：
     您好！您在甘肃政务服务网“我要建议”栏目留言，反映“2018年国考关于基层服务项目的问题”的问题，现答复如下：
     网友您好，关于2018年国考基层服务项目的问题，请您咨询国家公务员局。
     感谢您对我们工作的支持，欢迎继续对我们的工作提出宝贵建议和意见。

                                                                                         甘肃省人力资源和社会保障厅
                                                                                                  2017年11月14日",省人社厅,2017-11-14 09:27:08
http://www.gszwfw.gov.cn/gszw/zxts/detail.do?webid=1&code=JY20171001103&querycode=QC820410,关于网上工商注册流程的建议,本人在网上新名称初审通过后，拿着企业名称预先核准申请表，审核表等文件跑到工商局，工作人员告知要去政务大厅，这一点能不能再网页上给以指示。 另外新名称住址微调为什么那么麻烦，明明在柜台稍微动下手指就可以搞定，非要我们自己重新在网页调整，这对于我们这种小白来说很难，有很多选项不知怎么填。这也没什么，为什么又要3个工作日，提交后发现少写门牌号，又进系统，得到的结果是正在审查，无法修改。只能等工作人员审查完后再说，再修改，又是3个工作日。 原本以为现在改革了，没想到现在的办事效率还是这么低。打电话20次，有一次通就不错了，电话那头的回答依然是3个工作日，试问这种办事态度什么时候能够彻底改善。,JY20171001103,2017-10-26 15:11:45,处理完毕,"  网友：
      您好！ 您在甘肃政务服务网“我要建议”栏目留言，反映个体名称申请的问题，现答复如下：      
      工商登记机关是严格按照《企业名称登记管理规定》进行核准，每天企业申请的新名称数量很大，并严格按照相关规定工作流程核准。
      企业为了避免耽误时间，只能在提交新名称预先核准时，准确填写申报内容。如果填报信息有误，只能再次提交名称调整环节来进行修改。
      提交名称预审不通过，具体原因可以通过查看网上审核意见，也可以拨打预审或者审核人网上预留的电话咨询。
      感谢您对我们工作的关心和支持，欢迎继续提出宝贵意见和建议。
                                                                                                                               省工商局
                                                                                                                         2017年11月30日",省工商局,2017-11-30 11:18:59
http://www.gszwfw.gov.cn/gszw/zxts/detail.do?webid=1&code=JY20171001092&querycode=QC719903,所在地医院不予开转院证明,本人于今年6月身体不适，在平凉市人民医院 [ 专院 ] 住院7天检查迟迟确证不了，只能前往西京医院检查，确诊后需要做手术，可专院又说他们能做此类手术，病因查了一周都查不出来，什么ct ，核磁，順向，逆向造影都做了就不知道什么病，能做手术却又确证不了，这不是笑话吗？谁还敢让做手术？请求专院开转院证明就是不开，都是工薪阶层手术得几万元，怎么看病呀，况且还参加医保呢。一点都不合理。,JY20171001092,2017-10-17 08:47:59,处理完毕,"网友：
      您好！ 您在甘肃政务服务网“我要建议”栏目留言，反映所在医院部予开转院证明的问题，现答复如下：
      经平凉市人民医院与您电话沟通了解，您自称转院手续现已办理，不愿再提供有关详细说明，再次致电无人接听。对于此次网站留言反映的问题，市医院再无法做进一步查实及跟进。
      根据人社相关政策要求，我院转出患者需有所在科室组织会诊或病情评估，确属本院现阶段诊断不明及无力后续治疗者由科室填写转院评估申请表，经医务科审核通过后领取正式转院审批表，按程序逐级审批办理。对不符合上述规定程序者本院无法办理转出手续。
       感谢您对我们工作的关心和支持，欢迎继续提出宝贵意见和建议。
                                                                                                       平凉市人民医院
                                                                                                    2017年11 月21日",市网信办,2017-11-17 18:26:52
http://www.gszwfw.gov.cn/gszw/zxts/detail.do?webid=1&code=JY20171001087&querycode=QC811392,省市文件执行哪一个？,我是2015年平凉市支企人员按照甘人社通【2015】233号进的企业，其中第二项扶持标准是不低于当地最低工资标准，甘肃省2017年最低工资标准已经出具，我们企业打电话询问平凉市人社局，他们说等他们通知在提升支企人员工资，我们是按照省上文件进的企业，而且平凉市人社局也没有发任何文件，企业执行就是甘人社通【2015】233号，我们现在工资提不上去，企业打电话询问平凉市人社局，就得了这么一个结论，在没有回复了，不知道该怎么解决，到底执行省上文件还是听平凉市人社局的，就算不提升企业的工资，起码给个通知吧,JY20171001087,2017-10-11 15:55:26,处理完毕,"网友:
    您好！ 您在甘肃政务服务网我要建议栏目反映工资标准等有关问题，现答复如下：
    根据甘肃省引导高校毕业生到企业服务实施细则和平凉市人社局《关于印发平凉市到基层企业服务人员考核管理办法的通知》（平人社通〔2015〕262号）文件要求，毕业生到企业服务的期限为3年，服务期间毕业生与用人企业签订劳动合同，由企业支付工资报酬（不得低于当地最低工资标准），并按规定为毕业生办理社会保险。省财政给予每人每月1500元的生活补贴。服务企业负责安排工作岗位，提供必要的工作、生活和学习条件，承担日常管理考核工作。
     市、县（区）人社局严格执行甘肃省最低工资标准发放制度，根据省上出台的最低工资标准逐年提高支企服务生工资报酬，在每月上报支企服务生工资表时已告知并督促各企业按最低工资标准执行，如果您所在企业没有达到最低工资标准发放要求，请到所在县（区）人社部门实名反映，我们将协调解决。                      
                                                               平凉市人才中心
                                                          2017年11月17日",市网信办,2018-01-19 17:17:56
http://www.gszwfw.gov.cn/gszw/zxts/detail.do?webid=1&code=JY20170901045&querycode=QC027935,房产交易中心,因为我本人对房产交易中心的工作流成不了解，投诉了房产交易中心，下来后经过了解已经明白！现在对投诉房产交易中心‘真成的说声对不起！本人撤销投诉。,JY20170901045,2017-09-05 10:03:01,处理完毕,审核通过！ 感谢您对我们工作的关心和支持，欢迎继续提出宝贵意见和建议。,省政府政务服务中心,2017-09-06 18:33:38
http://www.gszwfw.gov.cn/gszw/zxts/detail.do?webid=1&code=JY20170801019&querycode=QC821192,新办企业名称预审,可不可以效率高点，申请上去好几天没反应,JY20170801019,2017-08-23 11:40:55,处理完毕,网友：您好！由于您提交的内容过于简单，无法办理！请您完善内容后重新提交。谢谢合作！,省政府政务服务中心,2017-08-29 09:36:28
http://www.gszwfw.gov.cn/gszw/zxts/detail.do?webid=1&code=JY20170801014&querycode=QC842998,个体名称申请,网上个体名称申请，有些东西网上根本打不开，帮助也看了，可就是打不开，非要到建议地方花钱才能申请上，那要网上办业务还有什么用，个人不能申请，有些地方因些收费很高，不交没有办法办，请理解个体户,JY20170801014,2017-08-19 12:27:29,处理完毕,"网友：
     您好！ 您在甘肃政务服务网“我要建议”栏目留言，反映个体名称申请的问题，现答复如下：
     我局已于网友及时电话联系，得知网友网上提交个体工商户名称申请时，选择浏览器错误，页面不兼容，问题现已解决！
      感谢您对我们工作的关心和支持，欢迎继续提出宝贵意见和建议。
                                                                                                                                               省工商局
                                                                                                                  2017年8月28日



                                                                                                                     ",省工商局,2017-08-30 10:12:05
http://www.gszwfw.gov.cn/gszw/zxts/detail.do?webid=1&code=JY20170801013&querycode=QC265573,工商,工商局企业注册的打印网页打不开，打服务热线没人听,JY20170801013,2017-08-17 15:00:38,处理中,,,
http://www.gszwfw.gov.cn/gszw/zxts/detail.do?webid=1&code=JY20170801008&querycode=QC239175,无法打印,"审批的文件打印网页无法打开,一直是网页错误",JY20170801008,2017-08-16 21:37:35,处理完毕,网友：您好！由于内容填写过于简单，无法回复，请将内容填写清楚后提交本网站！谢谢合作！,省政府政务服务中心,2017-08-21 15:46:33
http://www.gszwfw.gov.cn/gszw/zxts/detail.do?webid=1&code=JY20170800996&querycode=QC601287,在甘肃注册公司需要等半年以上时间吗？,甘肃工商网上办公系统曾经一度是全国的标杆，全国的工商系统都在向甘肃工商看齐。　　但如今，甘肃注册公司又可能要等上半年。　　注册公司的第一步是核准公司名称，在网上申请核准名称时，要同时填写股东及出资额、注册资金、公司地址、经营范围。　　公司名称一但核准通过，公司名称、股东及出资额、注册资金、公司地址、经营范围就不能修改，相关部门工作人员解释说，已经审核通过的名称半年内不注册登记，就不在保护，释放后可以重新申请，但也有个别案例证明，半年后该名称不一定能申请，有可能任在保护。　　本人理解，已经审核通过的名称需要变更，也应该有变更的方式和流程，等半年算怎么回事呀，人生有多少个半年可以等？　　另外，除了名称已经核准外，股东及出资额、注册资金、公司地址、经营范围都没有正式登记，为什么就不能修改呢？　　这是程序的bug还是故意而为之？这与李克强总理所提倡的高效便民精神有些背道而驰吧？我看到前面已经有人就这个留言了，回复说已经受理，什么时候能真正落到实处，而实实在在的解决问题呢？,JY20170800996,2017-08-10 16:32:13,处理完毕,"网友：
     您好！ 8月10 日，您在甘肃政务服务网“我要建议”栏目留言，反映在甘肃注册公司需要等半年以上时间的问题，现答复如下：
     如果已核准通过的新名称中内容有所变动，可以通过提交名称调整来修正，如果要修改投资人信息，只能向核准名称的工商登记机关提交名称作废申请后，作废该名称，之后同时再次提交修改后的新名称，重新核准。
     感谢您对我们工作的关心和支持，欢迎继续提出宝贵意见和建议。

                                                                                                  省工商局
                                                                                             2017年8月28日",省工商局,2017-08-24 17:20:28
http://www.gszwfw.gov.cn/gszw/zxts/detail.do?webid=1&code=JY20170800995&querycode=QC118440,所有咨询和投诉电话均无人接听！,您好！本人在申请公司（企业）名称预先核准时遇到问题，在正常上班时间，多次拨打网站公布的8个咨询和投诉电话均无人接听，不知是什么原因？咨询电话0931-8533140、8533141、8533143、8533144、8533312，8533299投诉电话0931-8533205，0931-4609429,JY20170800995,2017-08-10 11:49:42,处理完毕,"网友：
     您好！ 您在甘肃政务服务网“我要建议”栏目留言，反映所有咨询和投诉电话均无人接听的问题，现答复如下：
     经我局调查核实，网民在打电话咨询过程中，工商局大厅企业处正在召开处务会，导致电话暂时无人接听，现我局已于网友及时电话联系，问题已解决！
     感谢您对我们工作的关心和支持，欢迎继续提出宝贵意见和建议。
                                                                                                                         省工商局
                                                                                                                    2017年8月28日",省工商局,2017-08-24 17:07:25
http://www.gszwfw.gov.cn/gszw/zxts/detail.do?webid=1&code=JY20170800991&querycode=QC050098,营业执照变更网上流程,请问最近甘肃企业登记系统是不是正常？我在进行办理变更手续时，对于时间填写还有许可文件填写时，系统一直不显示，也添加不了，请急需解决一下,JY20170800991,2017-08-07 09:12:54,处理完毕,"网友：
      您好！您在甘肃政务服务网“我要建议”栏目留言，反映、营业执照变更网上流程的问题，现答复如下：
     一、办理流程：
      登录“甘肃企业登记网”，选择企业网上办理大厅-企业注册登记，输入企业注册号和密码登录后，选择变更登记事项里具体变更选项，按照内容填写，提交网上变更预审，预审通过后，向原工商登记机关提交书式材料。
      二、提交变更经营范围登记材料内容， 请登录“甘肃企业登记网”，选择“登记指南”栏目，点击“更多”，根据企业变更事项查看。 
      上述营业执照变更问题，我局及时电话联系留言人，问题已解决。
                                                                                                                                                                                                                                                省工商局
                                                                                                            2017年8月14日",省工商局,2017-08-10 17:33:04
http://www.gszwfw.gov.cn/gszw/zxts/detail.do?webid=1&code=JY20170700977&querycode=QC104247,登记变更出现故障6201003606637商户网上变更不了内,变更经营范围和地址，总是显示：正在做变更业务，暂不能申请，提交不了，我的工商注册号6201003606637，恒杰百货经营部，法人：琚中平。,JY20170700977,2017-07-27 10:46:03,处理完毕,"网友：
      您好！2017年7月27日，您在甘肃政务服务网“我要建议”栏目留言，反映网上变更不了的问题，现答复如下：
      我局及时经电话联系网友后，得知该网友是个体工商户，由于上一次做过变更登记后，登记机关没有及时归档，所以网上提交后网上变更不了变更登记。问题现已解决。 
      感谢您对我们工作的关心和支持，欢迎继续提出宝贵意见和建议。           
                                                                                                                          省工商局 
                                                                                                                      2017年8月1日
                                                                                                                              

                                                                                                                       ",省工商局,2017-08-01 16:30:56
http://www.gszwfw.gov.cn/gszw/zxts/detail.do?webid=1&code=JY20170600956&querycode=QC549693,希望对网站进行资源整合,本人是一名基层食药监管人员，穿梭于“甘肃省食品行政审批管理系统”和“甘肃食品药品电子追溯平台”，往返于企业办理许可证和开展电子追溯工作，开展网上行权，运用电子监管平台，不管是监管还是服务，都是好事，尤其是省食药监局将电子追溯平台服务费免除后，对小微企业来说减轻了很大的负担。但是本就是一个单位的系统，非要弄得“井水不犯河水”，“互不相容”，以现在的水平和省食药局的实力，两个平台或系统，完全可以整合为一套系统或资源共享，企业在办理许可证时，要提交《营业执照》，经过核查审批后可以拿到许可证，注册电子追溯平台是又需要营业执照和许可证，并且需要在平台里面输入当时为了办理许可证时填写的那一套资料，如果资源能够共享，那么不管是对监管人员来说，还是对于经营者来说，都减少了很大的工作任务。所以我建议，整合两个系统，只要企业获得许可证，那么就自动注册追溯平台，并且开展追溯工作，监管人员也可以直接开展网上巡查和记分管理等工作，只要企业注销许可证，那么追溯平台也自动将其注销，而不是留在平台里。,JY20170600956,2017-06-30 17:04:44,处理完毕,"网友：
     您好！ 您在甘肃政务服务网“我要建议”栏目留言，反映 希望对网站进行资源整合的问题，现答复如下：
     你的问题我们将积极向省局有关处室反映，让有关处室尽快讨论、协调解决。
     感谢您对我们工作的理解和支持，您的满意是我们永恒不谢的追求，我们将一如既往地为您提供全方位服务！        
                                                                                                                                               甘肃省食品药品监督管理局
                                                                                                       2017年7月6日",省食品药品监管局,2017-07-06 11:13:02
http://www.gszwfw.gov.cn/gszw/zxts/detail.do?webid=1&code=JY20170600947&querycode=QC153205,两证合一营业执照更换,用我的营业执照是13年办理的，名称是***（应该是没有名称），现在需要更换两证合一的新证，是直接在网上提交更换？还是需要重新申请名称后重新办理营业执照？,JY20170600947,2017-06-27 10:00:27,处理完毕,"网友：
      您好！2017年6月27日，您在甘肃政务服务网“我要建议”栏目留言，反映营业执照两证合一的问题，现答复如下：
      你的营业执照属于个体工商户，登录甘肃企业登记网官网，输入注册号和密码后，提交两证合一的换照预审，不需要重新申请名称，网上预审通过后，打印相关书式材料到属地工商所办理。
          感谢您对我们工作的关心和支持，欢迎继续提出宝贵意见和建议。

                                                                                         省工商局
                                                                                      2017年8月1日",省工商局,2017-08-01 15:59:54
http://www.gszwfw.gov.cn/gszw/zxts/detail.do?webid=1&code=JY20170600945&querycode=QC658112,关于有限责任公司股权全部转让的的事项咨询。,咨询问题如下，有限责任公司的自然人全部股东的股权是否可以一次性全部转让于第三人。,JY20170600945,2017-06-23 11:41:12,处理完毕,"网友：

      您好！2017年6月23日，您在甘肃政务服务网“我要建议”栏目留言，反映有限责任公司的自然人全部股东的股权是否可以一次性全部转让于第三人的问题，现答复如下：
      可以一次性转让，《公司法》和相关法律、法规中没有明确规定公司的全部自然人股东股权不能一次性转让第三人。     
      感谢您对我们工作的关心和支持，欢迎继续提出宝贵意见和建议。
                                                                                                                            省工商局

                                                                                                                        2017年8月1日




                                                                                   



                            ",省工商局,2017-08-01 16:09:45
http://www.gszwfw.gov.cn/gszw/zxts/detail.do?webid=1&code=JY20170600943&querycode=QC966999,关于（甘肃省工商行政管理局网上业务办理系统）建议,甘肃省工商行政管理局网上业务办理系统 是广大个体经营和和公司经营者办理营业执照的系统工具，建议网站在便利性上加以修正，是不是可以增加名称预审在 提交工商预审后 自助撤回功能，以便经营者发面资料填写错误后重新提交。因为从预审环节到受理环节需要好几个工作日，错误资料工商人员也需要预审退回经营者才可以重新提交，减少工商工作人员的工作负担，也可以让广大经营者早日办证。,JY20170600943,2017-06-19 16:57:12,处理完毕,"网友：
      您好！我局已经把该建议提交相关处室，待研究确定后会在业务办理系统中更新。   
      感谢您对我们工作的关心和支持，欢迎继续提出宝贵意见和建议。

                                                                                                                省工商局
                                                                                                            2017年7月25日",省工商局,2017-07-25 09:53:00
http://www.gszwfw.gov.cn/gszw/zxts/detail.do?webid=1&code=JY20170600932&querycode=QC807711,实名认证失败,企业法人注册一直显示实名认证失败，但是个人注册可以，不知道能否改进下，让企业法人注册方便一点，开一个公司不容易，好几天先注册不上，很浪费时间的，麻烦有关领导看见了能不能改进下。,JY20170600932,2017-06-13 17:55:44,处理完毕,"网友：
     您好！ 您在甘肃政务服务网“我要建议”栏目留言，反映实名认证失败的问题，现答复如下：
     我局已及时电话回复，问题已解决。
     感谢您对我们工作的关心和支持，欢迎继续提出宝贵意见和建议。
       
                                                                                               省工商局
                                                                                           2016年6月26日",省工商局,2017-06-22 17:03:39
http://www.gszwfw.gov.cn/gszw/zxts/detail.do?webid=1&code=JY20170500920&querycode=QC327368,个体户设立登记,把有名称弄成无名称了，提交预审现在预审不通过没有名称，名称现在弄不上去了请问怎么弄,JY20170500920,2017-05-31 16:48:16,处理完毕,"网友：
     您好！您在甘肃政务服务网“我要建议”栏目留言，反映企业法定代表人的问题，现答复如下：
     收到留言后，我局及时与留言人电话联系，现问题已解决。
     感谢您对我们工作的关心和支持，欢迎继续提出宝贵意见和建议。
                                                                                                  省工商局
                                                                                            2017年6月12日",省工商局,2017-06-08 11:56:26
http://www.gszwfw.gov.cn/gszw/zxts/detail.do?webid=1&code=JY20170500919&querycode=QC214831,企业法定代表人的问题,我们店和 公司是同一个法人，公司注册的时候同一个法人注册不上 就填写别人了，现在支持同一法人多个账号，我想把公司的法人改回来。望批准,JY20170500919,2017-05-31 13:35:23,处理完毕,"  网友：
     您好！您在甘肃政务服务网“我要建议”栏目留言，反映企业法定代表人的问题，现答复如下：
     收到留言后，我局及时与留言人电话联系，现问题已解决。
     感谢您对我们工作的关心和支持，欢迎继续提出宝贵意见和建议。
       
                                                                                                                                                                        省工商局
                                                                                   2017年6月12日",省工商局,2017-06-08 11:53:37
http://www.gszwfw.gov.cn/gszw/zxts/detail.do?webid=1&code=JY20170500916&querycode=QC975533,2017年的甘肃省公务员考试成绩为啥还不出,招考公告里面写的明明白白五月中旬出成绩，可是现在都五月要结束了成绩还没有出，并且相关部门相关网站没有一个对广大考生的解释说明，当初你们改卷子公布成绩应该是有严格的计划的，现在拖延这么久还没一点消息，这就是相关单位的办事效率吗？没有给考生任何的情况说明，这就是相关单位服务考生的态度吗？简政放权，服务人民，难道在某些单位眼里根本就是一句空话？现在成绩迟迟不出，有关暗箱操作的流言已经甚嚣尘上，难道相关单位也是眼瞎耳聋？,JY20170500916,2017-05-27 18:54:23,处理完毕,"网友：
     您好！您在甘肃政务服务网“我要建议”栏目留言，“2017年的甘肃省公务员考试成绩为啥还不出”的问题，现答复如下：
     网友你好，2017年甘肃省考试录用公务员笔试成绩于2016年6月1日已经公布，请登录甘肃省人力资源和社会保障厅网站查询。
    感谢您对我们工作的支持，欢迎继续对我们的工作提出宝贵建议和意见。
                                                                 甘肃省人力资源和社会保障厅
                                                                         2017年6月5日",省人社厅,2017-06-05 15:35:57
http://www.gszwfw.gov.cn/gszw/zxts/detail.do?webid=1&code=JY20170500915&querycode=QC286831,注册绑定失败，无法完善信息！,注册账号后登陆食药局市州办理事项，提示我注册或绑定失败，要我完善信息，信息都填好提交后，提示我联系人电话必填，问题是我填了啊，还要个KEY 总之无法完善，第一次在网上注册账号 注册了两个，能不能删除一个啊、、、 求解决,JY20170500915,2017-05-26 12:36:48,处理完毕,"尊敬的网友:您好,很高兴为您服务！
   2017年5月26日，您在甘肃政务服务网“我要建议”栏目留言，注册绑定失败，无法完善信息问题，现答复如下：
   经与网络公司技术人员协调，庆阳养心堂大药房连锁有限公司在网上注册过程中遇到的问题已经得到解决，成功注册账号并绑定用户信息。
   感谢您对我们工作的理解和支持，您的满意是我们永恒不谢的追求，我们将一如既往地为您提供全方位服务！

                                                                                                  甘肃省食品药品监督管理局
                                                                                                       2017年6月21日",省食品药品监管局,2017-06-21 15:11:51
http://www.gszwfw.gov.cn/gszw/zxts/detail.do?webid=1&code=JY20170500906&querycode=QC757073,SC食品生产许可证办理流程,SC食品生产许可证办理流程,JY20170500906,2017-05-16 14:42:17,处理完毕,"尊敬的网友:
    2017年5月16日，您在甘肃政务服务网留言，建议SC食品生产许可证办理流程有关事项，现答复如下：
    您可登陆甘肃省食品药品监督管理局网站，找到网上办事--食品-（点击）-办室指南（点击）就会出现您所办理的生产许可证核发、延续、登记事项的办事程序。
    感谢您对我们工作的理解和支持，您的满意是我们永恒不谢的追求，我们将一如既往地为您提供全方位服务！

                                                                                                  甘肃省食品药品监督管理局
                                                                                                       2017年5月23日",省食品药品监管局,2017-05-23 10:17:04
http://www.gszwfw.gov.cn/gszw/zxts/detail.do?webid=1&code=JY20170500903&querycode=QC720190,注册绑定失败，无法完善信息！,注册账号后登陆食药局市州办理事项，提示我注册或绑定失败，要我完善信息，信息都填好提交后，提示我联系人电话必填，问题是我填了啊，总之无法完善，请后台查询下，是否是网站BUG！,JY20170500903,2017-05-15 22:02:36,处理完毕,"网友:
   您好！2017年5月15日，您在甘肃政务服务网“我要建议”栏目留言，咨询注册账号有关事项，现答复如下：
   您所建议的问题我们已帮您与系统管理人员协调过，您还有其他的问题请您咨询电话：0931-7618101.
   感谢您对我们工作的理解和支持，您的满意是我们永恒不谢的追求，我们将一如既往地为您提供全方位服务！

                                                                            甘肃省食品药品监督管理局
                                                                                      2017年5月31日",省食品药品监管局,2017-05-27 13:31:37
http://www.gszwfw.gov.cn/gszw/zxts/detail.do?webid=1&code=JY20170500900&querycode=QC929034,办件进度查询密码,我单位2017年3月28日在甘肃省政务大厅申请行政审批时，只交了我单位审批受理单与材料清单，现想网上查询办案进度，但只知受理编号，不知查询密码，请问如何查询？,JY20170500900,2017-05-15 10:10:27,处理完毕,"网友：
     您好！您在甘肃政务服务网“我要建议”栏目留言，反映办件进度查询密码的问题，现答复如下：
     目前，公民、法人或其他组织通过政务大厅办理事项的办事进度查询功能正在完善优化，您可先通过甘肃政务服务网“办件公示”查询您的办件结果。
     感谢您对我们工作的关心和支持，欢迎继续提出宝贵意见和建议。
                                                                                                                    省政府政务服务中心
                                                                                                                2017年5月18日",省政府政务服务中心,2017-05-19 10:34:51
http://www.gszwfw.gov.cn/gszw/zxts/detail.do?webid=1&code=JY20170500897&querycode=QC764595,在进行新名称登记时，在名称行政区划市区划分后无法选择名称地域,在进行新名称登记时，在名称行政区划市，区划分后选择名称地域:选择不不了名称地区；填写个体工商户信息时经营场所所在行政区划也选择不了，好长一段时间都是此情况，导致长时间网上新名称预审无法提交。,JY20170500897,2017-05-13 11:57:41,处理完毕,"网友：
     您好！您在甘肃政务服务网“我要建议”栏目留言，反映在进行新名称登记时，在名称行政区划市区划分后无法选择名称地域的问题，现答复如下：
      我局经电话联系问询网上留言人情况后，得知由于网络浏览器选择错误，导致无法填写有关信息，经过电话咨询我局信息技术部门后，现已解决。
      感谢您对我们工作的关心和支持，欢迎继续提出宝贵意见和建议。
       
                                                                                                                                                 省工商局
                                                                                               2017年5月25日",省工商局,2017-05-23 17:10:44
http://www.gszwfw.gov.cn/gszw/zxts/detail.do?webid=1&code=JY20170500894&querycode=QC760742,我公司在“甘肃政务服务网”无法注册，请解决一下。着急年检！！,我公司临夏市腾信网络信息技术有限公司，需要在“甘肃政务服务网”上做年检，根据规定，要事先进行企业信息的注册。 可是，最近这几天，我公司在“甘肃政务服务网”无法注册，弹出的窗口均是：组织机构代码证格式错误。应该就是351402693这九位数字，没有横杠或字母。却一直提示格式错误，无法注册！我公司根据以上提示，反复查看了填写信息，有关信息填写均正确无误。 我公司在这3天时间里，更换了6台电脑，仍然无法注册。 年检马上截止了！请帮忙解决！谢谢啦！急急急！,JY20170500894,2017-05-10 14:13:52,处理完毕,"网友：
  您好！您在甘肃政务服务网“我要建议”栏目留言，反映我公司在“甘肃政务服务网”无法注册，请解决一下。着急年检！！的问题，现答复如下：
  请您在本公司的营业执照查询统一社会信用代码或在国家企业信用信息公示系统中输入贵公司的企业信息查询贵公司的统一社会信用代码后，在甘肃政务服务网注册时填写贵公司的统一社会信用代码即可注册。
  感谢您对我们工作的关心和支持，欢迎继续提出宝贵意见和建议。
                                                                                                                     省政府政务服务中心
                                                                                                                2017年5月18日",省政府政务服务中心,2017-05-19 10:31:33
http://www.gszwfw.gov.cn/gszw/zxts/detail.do?webid=1&code=JY20170400860&querycode=QC215563,给往届毕业生一个机会！！！,政府领导您好！ 我是2015年毕业于重庆人文科技学院的往届生。2015年毕业后参加“三支一扶”考试没考上，去年努力了一年，最后一纸公文，我们的考试梦给毁了。今年我还在抱着希望，我坚信政府不会放弃我们这些大学毕业生。 如今，特钢考试公告已经下来了，但是没有具体说明我们这些毕业于外省三本院校的往届生能不能参加考试。我们很着急，怕再一次被打击。 我出生在农村，长在农村，好不容易考上大学，父母亲很期待我能考上基层考试，然而父母亲很失望。我想还有很多父母亲也很失望吧！身边的人说上大学有啥用？这种思想会传递给其他千千万万的家长，考上大学，参加不了工作，还不如不上呢！随之而来的是辍学，农村教育也许会一直提不上去。虽然上学对自己有绝对的好处，但是如果家长们觉得上大学参加不了工作，也许不会让自己的孩子上大学。希望政府能够正视这个现实问题，给广大学子一个证明自己的机会！！！,JY20170400860,2017-04-25 14:22:57,处理完毕,"网友：
      您好！您在甘肃政务服务网“我要建议”栏目留言，“给往届毕业生一个机会”的问题，现答复如下：
      网友你好，看到你就往届生报名考试问题的情况反映，非常理解你的心情。“大学生村官”、“三支一扶”、“特岗教师”、“西部计划”每年由国家部委安排部署并下达招募计划，我省按照国家部委有关政策规定和要求组织实施。“三支一扶”由人社部门牵头、“西部计划”由团委牵头，自项目实施以来报考范围一直是应届高校毕业生；“大学生村官”、“特岗教师”分别由组织部门和教育部门牵头制定相关政策并组织实施。
      高校毕业生各项基层服务项目实施十年之久，为我省基层事业岗位选拔安置了大量高校毕业生人才。目前，我省基层乡镇岗位人员已普遍饱和，编制十分紧缺，出现诸多后续管理问题。对此一些人大代表、政协委员也多次反映基层项目人员存在的突出问题，建议省上尽快调整基层项目岗位结构，压缩数量规模；各市州、县区和基层一些单位也多年反映此情况，希望研究提出解决办法，整合调整基层服务项目结构规模。
      根据省编委和省政府有关会议精神，为了提高基层服务项目的科学合理性，努力做到人岗相适，鼓励更多高校毕业生到战略性新兴产业骨干企业、市州和县区各类企业服务，多途径就业和自主创业，支持我省各类企业对人才的迫切需求，去年，我省1万名民生实事项目和基层服务项目统筹调整，1万名民生项目已全部引导进企业岗位，实施范围包括应、往届未就业毕业生。在就业上你还是有很多的选择，“事业单位公开招聘”和“公务员招录”考试应、往届高校毕业生都可以报考，也可以参加人力资源市场面向社会举办的各类企业招聘会，还可以根据个人资源、信息、技术、经验以及其他因素选择自主创业。希望你积极转变就业观念，多渠道、多形式早日就业。
     感谢您对我们工作的支持，欢迎继续对我们的工作提出宝贵建议和意见。
                                                                  甘肃省人力资源和社会保障厅
                                                                          2017年5月5日",省人社厅,2017-05-05 15:40:47
http://www.gszwfw.gov.cn/gszw/zxts/detail.do?webid=1&code=JY20170300816&querycode=QC215261,文印店需不需要办理《印刷经营许可证》？,本人准备在张掖市山丹县开个小的文印店，建筑面积57平方，除了营业执照，是否需要办理《印刷经营许可证》或者别的 复印许可证，如需办理，找哪个部门？需要什么材料，费用是多少？之前在政务服务网的“我要咨询”里面向市文广新局（文物局）提交了该问题，已经一周了，没有得到任何回复。,JY20170300816,2017-03-17 19:41:46,处理中,,,
http://www.gszwfw.gov.cn/gszw/zxts/detail.do?webid=1&code=JY20170300815&querycode=QC512548,工商变更后出现的问题,领导您好，我提交网上变更法人已经获得通过并且到新区政务大厅工商窗口办理了相关业务。但在打印变更通知书时是空白业无内容。再次登陆政务网提示正在办理变更业务不能做其他业务。这是怎么回事？新区工商那边工作人员答复可能是系统问题，是这样吗？我现在需要打印变更通知书。麻烦解决一下，谢谢领导。我的联系方式：兰州新区小虫网吧，13369456600,JY20170300815,2017-03-17 10:24:08,处理完毕,"网友：
      您好！您在甘肃政务服务网“我要建议”栏目留言，反映工商变更后出现的问题，现答复如下：
      我局经电话联系问询网上留言人情况后，得知该企业在网上提交负责人变更申请，工商登记机关“兰州市工商行政管理局兰州新区分局”已经审核通过，企业领取了营业执照。变更通知书打印出来是空白页，无法显示变更内容的问题， 该问题属于工商业务系统问题，我们正与内部信息处理人员沟通处理。如有问题请拨打甘肃省工商局信息技术咨询电话：0931-8533123   由于平时咨询人员较多，电话占线时间较长，请耐心拨打电话具体咨询。
      感谢您对我们工作的关心和支持，欢迎继续提出宝贵意见和建议。
                                                                                                                                                                                                                           省工商局
                                                                                                       2017年4月5日",省工商局,2017-04-05 15:58:12
http://www.gszwfw.gov.cn/gszw/zxts/detail.do?webid=1&code=JY20170200782&querycode=QC897406,建议将部分药品尽快纳入医保,由于污染等因素 恶性病的发病率正在逐年攀升 一些疗效得到认可或肯定的新特药还未纳入我省或我市医保范畴 再高的医保普及率也没能抵挡住因病致贫的家庭数量的上升 有些药品在外省被列入医保并不是因为此药品疗效有地域性差异 省财政拮据不应是重政绩轻民生的华丽官方借口 家再穷也要给患病的亲人最好的治疗 建议将部分药品尽快纳入医保 如赫赛汀 格列卫等,JY20170200782,2017-02-09 16:50:11,处理完毕,"网友：
       您好！您在甘肃政务服务网“我要建议”栏目留言，建议将部分药品尽快纳入医保的问题，现答复如下：
     您在甘肃政务服务网的留言《建议将部分药品尽快纳入医保》，要求将赫赛汀、格列卫等尽快纳入我省医保范围。  2016年10月18日，我厅分别出台《关于将白血病患者特殊用药纳入城镇基本医疗保险用药支付范围的通知》（甘人社通〔2016〕390号）和《关于将乳腺癌患者特殊用药纳入城镇基本医疗保险用药支付范围的通知》（甘人社通〔2016〕389号），已将治疗白血病的甲磺酸伊马替尼（国产、进口格列卫）、达沙替尼（国产、进口）、尼洛替尼（进口），治疗乳腺癌的注射用曲妥珠单抗（赫赛汀）纳入我省城镇基本医疗保险用药支付范围，目前各市州正在落实当中。
      感谢您对我们工作的支持，欢迎继续对我们的工作提出宝贵建议和意见。
 
                                                                   甘肃省人力资源和社会保障厅 
                                                                           2017年2月21日",省人社厅,2017-02-21 11:09:32
http://www.gszwfw.gov.cn/gszw/zxts/detail.do?webid=1&code=JY20170100762&querycode=QC896941,企业登记网站BUG太多,从2017年元旦前夕网站无法提交申请，到节后恢复使用了几天，然后又开始出现问题，总是提示根本不存在错误的问题，比如提示出生日期不能大于当前日期，可是填写的就是正确的出生日期，已经耽误很久了！望能尽快修复！,JY20170100762,2017-01-12 18:55:47,处理完毕,请见附件。,省工商局,2017-01-22 10:36:43
http://www.gszwfw.gov.cn/gszw/zxts/detail.do?webid=1&code=JY20161200730&querycode=QC382843,什么是企业张号,领导：我们在进行许可证登记事项变更时，进入窗口后，显示我们企业的信息有，提示我们该企业已存在请进行用户绑定，但在绑定程序中有一个企业账号，和密码。我咨询一下我们的企业账号是什么，又密码怎么填。,JY20161200730,2016-12-30 10:40:03,处理完毕,"尊敬的网友：  
    您好！2016年12月30日您在甘肃政务服务网“我要建议”栏目留言，反映“什么是企业账号”的问题，现答复如下：
    在甘肃省政务服务网正式启用之前，甘肃省食品药品监督管理局的行政审批系统已经开始使用。企业账号是由甘肃省食品药品监督管理局的审批系统生成，而不是政务服务网注册的账号。如果提示你该企业已经存在，就说明该企业已经在甘肃省食品药品监督管理局的行政审批系统注册过账号，如果由于人员更换造成企业账号不知道的情况，请您联系电话：0931-7618101，如果你要取得在甘肃省食品药品监督管理局的行政审批系统中的企业账号，要提供相关证明材料才能查询。
    感谢您对我们工作的关心和支持，欢迎继续提出宝贵意见和建议。


                                                                                              甘肃省食品药品监督管理局
                                                                                                        2017年3月2日",省食品药品监管局,2017-03-02 11:47:55
http://www.gszwfw.gov.cn/gszw/zxts/detail.do?webid=1&code=JY20161200629&querycode=QC481552,关于改进甘肃交通运输公众服务网站的建议,1、12328网站功能设置不合理；2、微信平台无法加入3、12328电话不通,JY20161200629,2016-12-12 10:14:00,处理完毕,"您好！
      您在甘肃政务服务网“我要建议”栏目留言，反映关于改进甘肃交通运输公众服务网站的建议的问题，现答复如下：
      1、关于12328网站功能设置和微信问题，请拨打网站建设单位0931-2376532,找陈主任联系。2、12328是全国交通运输公众服务电话，就你反映的问题，省交通运输厅将责成有关单位继续加强对话务人员的管理和培训，给社会公众最好的服务体验。
        感谢您对我们工作的关心和支持，欢迎继续提出宝贵意见和建议。
                                                                                                                                                             省交通运输厅
                                                                                                        2016年12月16日",省交通运输厅,2016-12-15 11:38:12
http://www.gszwfw.gov.cn/gszw/zxts/detail.do?webid=1&code=JY20161200616&querycode=QC501776,注册成功，但是到完善资料后，无法操作。急,法人注册成功后，需要完善用户资料，点完选项后 “确定”“重置” 无反应。网页显示提示：如果您第一次使用本系统，请完善用户信息，如果您已在甘肃食药局行政审批系统注册账号，请点击“用户绑定”选项卡，插入甘肃食药局行政审批系统UKEY自动识别用户信息，或输入系统用户ID和密码 进行绑定账号操作。,JY20161200616,2016-12-10 09:00:04,处理完毕,"尊敬的网友：  
    您好！2016年12月10日您在甘肃政务服务网“我要建议”栏目留言，反映“注册成功，但是到完善资料后，无法操作”的问题，现答复如下：
    甘肃省政务服务网要求的是IE8及以上版本的浏览器，确定你是否用的是IE8浏览器，否则会出现浏览器兼容问题，导致无法操作。如有其它问题，请咨询电话0931-7618101 。
    感谢您对我们工作的关心和支持，欢迎继续提出宝贵意见和建议。


                                                                   甘肃省食品药品监督管理局
                                                                          2017年3月2日",省食品药品监管局,2017-03-02 11:33:24
http://www.gszwfw.gov.cn/gszw/zxts/detail.do?webid=1&code=JY20161100600&querycode=QC324428,关于农药经营许可证的建议,甘肃省于2011年发布关于实施农药经营许可证制度的行政许可后，目前为止又没有相关文件，导致个别市区没法办理证件，相关业务处于停滞状态，也没有明确答复，严重影响市场经营，这个在全国绝大部分省份都已经被取消，何况现在很多农药业不属于危险化学品，建议要不也发文取消，要不规范实施，起码有个明确规定。,JY20161100600,2016-11-22 10:28:06,处理完毕,"网友：
      您好！您在甘肃政务服务网“我要建议”栏目留言，反映关于农药经营许可证的建议的问题，现答复如下：
      根据<兰州市无公害蔬菜管理条例>中第19条相关内容要求，兰州市农委协同工商管理部门对农药的经营许可仍在办理中。详情请拨打0931-8580484.13893159361咨询，谢谢!
      感谢您对我们工作的关心和支持，欢迎继续提出宝贵意见和建议。
                                                                                                         省农牧厅
                                                                                               2016年12月28日",省农牧厅,2016-12-23 10:19:11
http://www.gszwfw.gov.cn/gszw/zxts/detail.do?webid=1&code=JY20161100599&querycode=QC154754,个人办事，怎么知道已经提交成功了资料？,执业药师再注册中。填写身份证进入再注册申请，下面有确定和返回的选项。选择确定后进入上传页面，在上传文件栏中点击确定并上传文件后，返回到上传页面，此页面下面只有返回选择（企业版中有上报和返回）。在已受理办件中显示为空，那么我的申报是否成功了？怎么确定我的申报成功了，只等监管部门审核呢？,JY20161100599,2016-11-21 10:03:56,处理完毕,"网友：
     您好！ 2016年11月21日，您在甘肃政务服务网“我要建议”栏目留言，反映“个人办事，怎么知道已经提交成功了资料”的问题，现答复如下：
     申报是否成功，请用生成的核对码查询。
     感谢您对我们工作的关心和支持，欢迎继续提出宝贵意见和建议。
                                                                      省食品药品监督管理局
                                                                        2017年3月1日
   ",省食品药品监管局,2017-03-01 11:00:41
http://www.gszwfw.gov.cn/gszw/zxts/detail.do?webid=1&code=JY20161100514&querycode=QC478304,如何快速查询身份证办理进度？,省内户口，身份证即将到期，上月底回老家补办了，可是当地派出所并没有告知任何查询办理进度的渠道，在甘肃政务服务网也查询不到，不知道是我没有找到途径还是本身就没有这一模块。求改进,JY20161100514,2016-11-08 09:40:25,处理完毕,"网友：
     您好！您在甘肃政务服务网“我要建议”栏目留言，反映如何快速查询身份证办理进度的问题，现答复如下：
     请你通过互联网登陆甘肃省公安厅门户网站，查找便民平台，点击便民平台后，查找身份证办理状态查询，输入身份证号和办理身份证时所留的电话号码，即可查询。
     感谢您对我们工作的关心和支持，欢迎继续提出宝贵意见和建议。

                                                                                                                           省公安厅
                                                                                                                   2016年11月24日",省公安厅,2016-11-16 10:44:24
http://www.gszwfw.gov.cn/gszw/zxts/detail.do?webid=1&code=JY20161000487&querycode=QC859476,省外异地身份证,今年以来全国各中大城市都陆续开通了身份证异地办理，可是甘肃为何还未开通。何时能开通。难道非得等到国家规定的2017年7月的最后期限吗！,JY20161000487,2016-10-11 18:50:41,处理完毕,"网友：
     您好！ 10月11 日，您在甘肃政务服务网“我要建议”栏目留言，反映省外异地身份证的问题，现答复如下：
     我省已全部开展省内居民身份证异地办理。同时，兰州和天水两市城区（镇）派出所已全部开展跨省身份证异地受理工作，嘉峪关、酒泉、白银、定西、陇南、庆阳6市部分城区派出所也已逐步推开。目前，我省已正式启动了与河南、四川、陕西、青海、吉林、河北、江苏、重庆、天津、辽宁、北京、广东、山西、山东、浙江、安徽、海南等17个省市群众的居民身份证异地受理工作。
      感谢您对我们工作的关心和支持，欢迎继续提出宝贵意见和建议。
                                                                                                                                                                                                                省公安厅
                                                                                                   2015年10月13日",省公安厅,2016-10-12 17:53:22
http://www.gszwfw.gov.cn/gszw/zxts/detail.do?webid=1&code=JY20161000486&querycode=QC738748,关于个体工商新名称申请的问题,第一个问题：是这样的，本人申请一个名称，很高兴已经通过啦，但我又觉得不好听，打算换掉，又申请了两个名称，目前已经十天了还没有任何审批意见，我现在意思是，一个账号能申请几个新名称，如果一个账号只能申请一个新名称，那我该怎么把之前那个名称注销？如果注销不了，唯一的办法是不是就只能重新申请一个账号？那能申请吗？？ 第二个问题：在兰州安宁区是直接去哪个部门就能直接递交新名称申请表？相对网上递交申请，现实中麻烦不？ 非常急，谢谢！,JY20161000486,2016-10-08 19:07:47,处理完毕,"网友：
     您好！ 10月8 日，您在甘肃政务服务网“我要建议”栏目留言，反映关于个体工商新名称申请的问题，现答复如下：
     该名称属于个体工商户，网上注册后，该用户名可以再次申请新名称核准。如果已核准通过的新名称不想登记设立，半年后工商业务系统会自动作废，或者自行向属地工商所申请作废，提交新名称申请后，网上预审通过，提交书式材料到属地工商所办理，具体事宜请到属地工商所咨询。
      感谢您对我们工作的关心和支持，欢迎继续提出宝贵意见和建议。
                                                                                                       省工商局
                                                                                              2016年10月13日",省工商局,2016-10-13 09:56:30
http://www.gszwfw.gov.cn/gszw/zxts/detail.do?webid=1&code=JY20160900483&querycode=QC879988,关于身份证办理,在兰州有四年多，要多久能办理这边的身份证？yx7f,JY20160900483,2016-09-26 13:01:55,处理完毕,"您好！您在甘肃政务服务网“我要建议”栏目留言，反映关于身份证办理的问题，现答复如下：
     你好，现在甘肃省内已开展异地办理身份证，省外部分地方与我省已开展了异地办理身份证受理工作，预计在2017年7月起全国全面实行。居民身份证由居民常住户口所在地的县级人民政府公安机关签发，请您到户口所在地办理身份证。    
      感谢您对我们工作的关心和支持，欢迎继续提出宝贵意见和建议。
                                                                                                                          省公安厅
                                                                                                                2016年12月13日",省公安厅,2016-11-30 10:21:11
http://www.gszwfw.gov.cn/gszw/zxts/detail.do?webid=1&code=JY20160800470&querycode=QC648739,法人注册问题,我们是三个店一个法人，我在申请办理医疗器械的相关证件，一个店的注册已经办理成功，可是另外两个店的没法申请，政务网上一个法人只能注册一次。,JY20160800470,2016-08-30 11:14:36,处理完毕,"网友：
      您好！您在甘肃政务服务网“我要建议”栏目留言，反映法人注册中存在的问题，现答复如下：
      经我中心和甘肃万维公司进行沟通，已完成对甘肃政务服务网用户注册功能的优化，现已开放同一个法人申请注册多个账号，请您再次注册并办理相关事项。
      感谢您对我们工作的关心和支持，欢迎继续提出宝贵意见和建议。
                                                                            省政府政务服务中心
                                                                               2016年9月8日

 ",省政府政务服务中心,2016-09-08 16:53:55
http://www.gszwfw.gov.cn/gszw/zxts/detail.do?webid=1&code=JY20160800469&querycode=QC751346,关于低保问题的一点建议,您好： 我是甘肃省张掖市七九六小区一名领取低保的老人，今年70岁，我于1991年丧偶含辛茹苦带大了几个孩子，随着年龄的增长，身体一天不如一天，只能在外地的儿女处生活，由他们照顾，今年街道说省上出了新规定凡是领取低低保的老人必须每月一次由本人亲自到社区盖章确认，我找过好几次可街道说，这是省上定的规定没有办法。省上能不能考虑我这个可怜老人的实际情况，让我在儿女处看病，每月通过女儿的微信视频了解我的情况，或者其他可以证明我还尚在人世的其他方法。我现在自己生活都困难，更不可能每月从兰州跑回来盖章确认完再回到兰州看病，恳请政府为我这个可怜的老人做主！,JY20160800469,2016-08-29 13:40:04,处理完毕,"网友：
       您好！您的来信我们已收悉。首先感谢你对甘肃民政工作的信任和支持。关于你提出关于低保问题的一点建议，我们与张掖市民政局进行了沟通协调，现答复如下：
       近年来，张掖市各县区严格落实《甘肃省城市居民最低生活保障实施办法》精神，切实加强对城乡低保对象属地化管理，低保规范化管理水平不断提升。经了解，甘州区火车站街道（七九六小区属于火车站街道管理）在管理低保对象方面，主要是通过每月签到方式来加强对低保对象的管理，严防冒领低保金等不良现象的发生。鉴于留言中“低保对象年龄大、独自一人生活不便、只能与外地儿女共同生活、不方便每月亲自到社区签到”反映低保对象实际生活的特殊情况，经甘州区民政局与火车站街道协调，同意该低保对象无需每月来张签到，但请该低保对象将本人近期照片、QQ或微信账号邮寄到火车站街道，加强联系，便于街道、社区及时了解其现状。
      最后，感谢网友对张掖城乡低保工作的关心、关注，如对我们的工作有意见建议，请提出宝贵意见；如对城乡低保政策有不了解的地方，欢迎致电张掖市城乡低保办公室咨询。 联系方式：0936――8297722
                                                                                省民政厅
                                                                         2017年2月27日",省民政厅,2017-02-24 16:52:58
http://www.gszwfw.gov.cn/gszw/zxts/detail.do?webid=1&code=JY20160800468&querycode=QC217410,建议将甘肃省关于产假及陪护假的相关法律及规定尽快链接网上,建议将甘肃省关于产假及陪护假的相关法律及规定尽快链接相关部门的网页，以方便群众查询并依据法律和规定办事。 目前关于产假的规定只有一个空链接，请尽快解决。谢谢,JY20160800468,2016-08-28 17:42:02,处理完毕,"网友：
     您好！你建议“将甘肃省关于产假及陪护假的相关法律及规定尽快链接网上”问题，现答复如下：
     《甘肃省人口与计划生育条例》和《甘肃省卫生和计划生育委员会关于印发〈甘肃省全面两孩政策实施细则〉的通知》（甘卫指导发〔2016〕118号）已在甘肃省卫生和计划生育委员会官网发布。相关内容您可在我委官网上查询。如有疑问，可拨打电话4818762咨询。 
     感谢您对我们工作的关心和支持，欢迎继续提出宝贵意见和建议。
                                                                                                                                                                              甘肃省卫生和计划生育委员会
                                                                                                    2016年8月29日",省卫计委,2016-08-29 13:58:45
http://www.gszwfw.gov.cn/gszw/zxts/detail.do?webid=1&code=JY20160800466&querycode=QC519132,我公司在“甘肃政务服务网”无法注册，请解决一下。急！,我公司是新开办的医疗器械批发企业（甘肃嘉瑞特商贸有限公司），位于“兰州市兰州新区中川街15号院内办公楼3楼”，已于今年8月10日取得了营业执照。 因为要进入甘肃省药监局的网上申报系统提交申请材料，根据规定，要事先在“甘肃政务服务网”上进行企业信息的注册。 可是，最近这3天，我公司在“甘肃政务服务网”无法注册，弹出的窗口均是：实名认证失败，请检查企业/机构名称或企业工商注册号/统一社会信用代码是否正确！ 我公司根据以上提示，反复查看了填写信息，有关信息填写均正确无误。 我公司在这3天时间里，更换了6台电脑，仍然无法注册。 请帮忙解决！谢谢啦！急急急！,JY20160800466,2016-08-26 09:51:54,处理完毕,"网友：
  您好！8月26日，您在甘肃政务服务网“我要建议”栏目留言，反映我公司在“甘肃政务服务网”无法注册，请解决一下。急！的问题，现答复如下：
  经我中心与后台技术支撑部门查询，您的统一社会信用代码和甘肃政务服务网未同步，现已处理。请您重新注册！
  感谢您对我们工作的关心和支持，欢迎继续提出宝贵意见和建议。
                                                                                                       省政府政务服务中心
                                                                                                        2016年8月26日",省政府政务服务中心,2016-08-26 16:34:16
http://www.gszwfw.gov.cn/gszw/zxts/detail.do?webid=1&code=JY20160800453&querycode=QC180448,内资分公司网上预审需要多长时间？,您好，我在甘肃企业登记网上7月13号提交了企业预审申请，7月28号被退了，问题是“分公司不能在成立分公司”，然后我按要求把隶属关系改好后在7月29号再次提交预审，但到8月17号还在预审中，我每天都要看一遍状态，每天都是“工商机关预审”毫无反应！我想问一般预审的时间是多久，流程是什么 谢谢,JY20160800453,2016-08-17 15:26:50,处理完毕,"网友：
     您好！ 8月17 日，您在甘肃政务服务网“我要建议”栏目留言，反映内资公司网上预审需要多长时间的问题，现答复如下：
     我局经电话联系问询网上留言人情况后，得知该企业申请设立名称为“银联商务有限公司陇南分公司”，登记机关为“陇南市工商行政管理局武都分局”，经查询该企业于2016年07月29日在网上提交内资分公司设立申请，至今没有预审通过。具体办理流程应由陇南市工商行政管理局武都分局操作。 企业在网上提交设立申请，预审通过后，提交书式材料到陇南市工商行政管理局武都分局办理。 提交材料齐全，符合法定形式的工商部门予以受理，在各地规定的工作日内通过核准登记，领取营业执照。
     感谢您对我们工作的关心和支持，欢迎继续提出宝贵意见和建议。
                                                                                                            省工商局
                                                                                                     2016年8月22日",省工商局,2016-08-19 18:12:04
http://www.gszwfw.gov.cn/gszw/zxts/detail.do?webid=1&code=JY20160800451&querycode=QC444267,麻烦修改一下企业名称和企业工商注册号 谢谢！！,您好，我公司在网上申报三类医疗经营许可证时，因第一次在政务服务网法人注册，误将企业名称和企业工商注册号填错，现想将企业名称修改为：酒泉美视眼镜有限公司；企业工商注册号或统一社会信用代码修改为：91620902MA71FU2FXC,JY20160800451,2016-08-16 17:19:09,处理完毕,"网友：
    您好！ 8月16 日，您在甘肃政务服务网“我要建议”栏目留言，反映麻烦修改一下企业名称和企业工商注册号的问题，现答复如下：
    经我中心与后台技术支撑单位沟通，我们将您注册的错误信息已删除，请您重新注册！
    感谢您对我们工作的关心和支持，欢迎继续提出宝贵意见和建议。
                                                                                        省政府政务服务中心
                                                                                     2016年8月16日",省政府政务服务中心,2016-08-16 18:00:19
http://www.gszwfw.gov.cn/gszw/zxts/detail.do?webid=1&code=JY20160800450&querycode=QC387015,兰州城关区网上申请企业名称预审核申请，为何不能办理，,兰州城关区网上申请企业名称预审核申请，为何不能办理，点击行政区域输入框时，出来一串英语。请看，我申请的网站是否正确：http://nj.gsaic.gov.cn/gsaicEn/login.jsp。进入后，新企业名称申请。,JY20160800450,2016-08-15 15:05:12,处理完毕,"网友：
     您好！ 8月12 日，您在甘肃政务服务网“我要建议”栏目留言，反映兰州城关区网上申请企业名称预审核申请，为何不能办理的问题，现答复如下：
     由于甘肃政务服务网兰州市城关区子站区工商局审批事项在线办理功能暂未开通，具体情况请到兰州市城关区政务服务中心工商局窗口咨询！
     感谢您对我们工作的关心和支持，欢迎继续提出宝贵意见和建议。



                                                                                                           省政府政务服务中心
                                                                                                              2016年8月16日",省政府政务服务中心,2016-08-16 16:52:45
http://www.gszwfw.gov.cn/gszw/zxts/detail.do?webid=1&code=JY20160800445&querycode=QC606177,更改企业名称,你好，我在注册甘肃政务服务网时，将我公司名称注册为“瓜州县星瑞医疗器械经销有限公司”，现更改为“瓜州县星瑞冠瑞医疗器械经销有限公司” 我的登录用户名为XRGR846912832,JY20160800445,2016-08-12 15:09:43,处理完毕,"网友：
     您好！ 8月12 日，您在甘肃政务服务网“我要建议”栏目留言，反映更改企业名称的问题，现答复如下：
     经我中心与后台技术支撑单位沟通，现已按照您的要求更改，请及时上网查看！
     感谢您对我们工作的关心和支持，欢迎继续提出宝贵意见和建议。
                                                                                         省政府政务服务中心
                                                                                      2016年8月16日",省政府政务服务中心,2016-08-16 16:17:54
http://www.gszwfw.gov.cn/gszw/zxts/detail.do?webid=1&code=JY20160800444&querycode=QC432614,申请更改“申请单位”名称,你好，我公司账户信息中申请名称（申请人），应该是“嘉峪关康美达电子商务有限公司”，但不知道怎么回事，现在成“嘉峪关电子商务有限公司”，少了三个字“康美达”，我想更改，可是怎么也编辑不了，麻烦你们给修改一下，谢谢。 我公司登陆用户名为“wjq”密码“123456”,JY20160800444,2016-08-12 11:19:52,处理完毕,"网友：
    您好！ 8月12 日，您在甘肃政务服务网“我要建议”栏目留言，反映申请更改“申请单位”的问题，现答复如下：
    我中心与后台技术支撑单位沟通，现已按照您的要求更改，请及时上网查看！
    感谢您对我们工作的关心和支持，欢迎继续提出宝贵意见和建议。
                                                                                      省政府政务服务中心
                                                                                     2016年8月16日",省政府政务服务中心,2016-08-16 16:20:51
http://www.gszwfw.gov.cn/gszw/zxts/detail.do?webid=1&code=JY20160800434&querycode=QC577777,网上预审企业名称需要多长时间,您好，我在甘肃企业登记网上7月28号提交的企业名称预审申请，但到8月9号还在预审中，我想问一般预审的时间是多久，流程是什么 谢谢,JY20160800434,2016-08-09 16:03:19,处理完毕,"网友：
     您好！ 8月9 日，您在甘肃政务服务网“我要建议”栏目留言，反映网上预审企业名称需要多长时间的问题，现答复如下：
     甘肃省工商局只核准行政区划冠“甘肃”的名称，核准的流程是：预审—受理——审核三个步骤，名称核准的时限是5个工作日（企业申请名称变更需经企业登记机关预审才能提交到省局）。我局贯彻落实“便民高效、即时办理”的原则，工作人员已将截止8月11日之前提交的名称全部审核完毕。请核对您提交的信息是否正确。
     感谢您对我们工作的关心和支持，欢迎继续提出宝贵意见和建议。
                                                                                                                   省工商局
                                                                                                             2016年8月15日",省工商局,2016-08-13 08:37:39
http://www.gszwfw.gov.cn/gszw/zxts/detail.do?webid=1&code=JY20160800430&querycode=QC937126,更改企业名称错字,麻烦老师把“兰周”新区北川永青面粉有限公司，改成“兰州”新区北川永青面粉有限公司。,JY20160800430,2016-08-04 17:37:19,处理完毕,"网友：
     您好！您在甘肃政务服务网“我要建议”栏目留言，反映更改企业名称错字的问题，现已为您予以更改。
     感谢您对我们工作的关心和支持，欢迎继续提出宝贵意见和建议。",省政府政务服务中心,2016-08-05 11:55:22
http://www.gszwfw.gov.cn/gszw/zxts/detail.do?webid=1&code=JY20160700429&querycode=QC481494,咨询,我公司在做食品生产许可证法定代表人变更，在登陆系统后，在线办理时，显示“没有找到企业信息，无法进行变更”，请教老师，问题出在啥地方？,JY20160700429,2016-07-20 14:54:22,处理完毕,"网友：

      您好！您在甘肃政务服务网“我要建议”栏目留言，反映更改企业法人的问题，现答复如下：
      我中心经过后台技术支撑单位查询，您提交需要更改的法人账号不存在，请重新注册！

      感谢您对我们工作的关心和支持，欢迎继续提出宝贵意见和建议。
 
                                                                                                         省政府政务服务中心
                                                                                                            2016年7月21日",省政府政务服务中心,2016-08-08 10:17:21
http://www.gszwfw.gov.cn/gszw/zxts/detail.do?webid=1&code=JY20160700428&querycode=QC081290,更改企业法人,由于不慎，在注册放任账户时，误把法人姓名输入错误“闫锡军”，正确为“闫希军”，麻烦老师更改一下？,JY20160700428,2016-07-20 14:49:04,处理完毕,"网友：
      您好！您在甘肃政务服务网“我要建议”栏目留言，反映更改企业法人的问题，现答复如下：
      我中心经过后台技术支撑单位查询，您提交需要更改的法人账号不存在，请重新注册！
      感谢您对我们工作的关心和支持，欢迎继续提出宝贵意见和建议。
                                                                                                             省政府政务服务中心
                                                                                                           2016年7月21日",省政府政务服务中心,2016-07-21 15:57:19
http://www.gszwfw.gov.cn/gszw/zxts/detail.do?webid=1&code=JY20160700427&querycode=QC164807,更改企业名称,你好，我在注册甘肃政务服务网时，将我公司名称注册为LZZYMC，现更改为“兰州庄园牧场股份有限公司” 我的登录用户名为LZZYMC2016,JY20160700427,2016-07-18 14:34:43,处理完毕,"网友：
       您好！ 7月18日，您在甘肃政务服务网“我要建议”栏目留言，反映更改企业名称的问题，现答复如下：
       我中心协调后台技术支撑单位已将贵公司注册的LZZYMC公司名称，更改为“兰州庄园牧场股份有限公司” ，请及时登陆甘肃政务服务网查看！
       感谢您对我们工作的关心和支持，欢迎继续提出宝贵意见和建议。
                                                                                                       省政府政务服务中心
                                                                                                        2016年7月18日",省政府政务服务中心,2016-07-18 17:24:54
http://www.gszwfw.gov.cn/gszw/zxts/detail.do?webid=1&code=JY20160700420&querycode=QC576514,陇南工商局 电话无人接听,09398221123一直电话打通无人接听，试问，没有人接的电话，设置电话起到什么作用，能不能不设置这些一直无人接听的电话，政府提倡的一站式办结业务，怎么感觉这么吃力在实施过程中,JY20160700420,2016-07-06 10:30:49,处理完毕,"网友：
       您好！您在甘肃政务服务网“我要建议栏目留言，反映 陇南工商局电话无人接听 的问题，现答复如下：
       陇南工商局电话无人接听问题，经查询，此号码为武都区工商局注册科电话，因注册科整体搬迁到市区政务服务中心，原号码无人接听，新的号码为0939-5938927。已通知武都区工商局对此问题进行整改，及时对外更新公布办事科室电话，便于群众办事，如果您需要了解办事指南、办事流程等相关问题，可在甘肃政务服务网查询。
       感谢您对我们工作的关心和支持，欢迎继续提出宝贵意见和建议。
       
                                                                                                                                                                                  陇南市人民政府
                                                                                          2017年8月15日
                                                                                                  ",政务服务中心,2017-08-14 17:42:44
http://www.gszwfw.gov.cn/gszw/zxts/detail.do?webid=1&code=JY20160600411&querycode=QC957829,草牧业贷款若干问题,尊敬的甘肃省相关领导您好： 本人在两年前申请了武威市古浪县草牧业扶住贷款，贷款由农村信用社发放，贷款额度为50000元，申请成功后实际到账45000元，信用社的说法是要押5000元的押金，两年到期后再还46000（包括1000元的利息），最近几日，贷款将要到期，本人咨询信用社还款事宜，信用社说是要还50000元，多还的4000元在一年左右逐步退还到本人银行账户，本人不知这是国家政策是这样规定的还是有人挪用公款所致，所以请相关部门领导给予答复，如果是国家政策，麻烦发一份相关政策，如果是某些个人行为，望有关部门彻查！谢谢! 此致 敬礼 一个积极响应习大大政策的中国公民 2016-6-23,JY20160600411,2016-06-23 13:13:38,处理完毕,"网友：
       您好！ 您在甘肃政务服务网“我要建议”栏目留言，反映草牧业贷款若干问题的问题，现答复如下：
       9月8日接你中心转来的我县泗水镇刘轲反映双业惠农贷款农村信用社收取贷款押金5000元和1000元利息问题的投诉件后，我中心迅速转县农牧局调查核实，现将调查结果说明如下：
      经古浪县农牧局调查核实，2014年度、2015年度没有对泗水镇刘轲本人发放过双业惠农贷款。
      根据古浪县委办公室、古浪县人民政府办公室印发的《古浪县草食畜牧业和设施蔬菜产业发展贷款贴息实施方案》（古办发〔2013〕109号）文件中规定：贴息比例。经办银行发放草食畜牧业和设施蔬菜产业贷款，年利率按人民银行公布的国家基准利率上浮最高不超过20%。省级财政承担年利率4个百分点的贷款利息；根据市上相关规定和目前国家贷款基准利率，确定县财政承担年利率2个百分点的贷款利息，农户承担年利率1个百分点的贷款利息，剩余年利率由市财政承担，但最高不超过1个百分点。现由于财政贴息资金未及时到位，待贴息资金到位后，将及时退还给贷款农户。
      2016年9月9日上午，古浪县农牧局已通过电话联系方式向刘珂本人做了答复。
      感谢您对我们工作的关心和支持，欢迎继续提出宝贵意见和建议。
                                                                                                    武威市政务服务中心
                                                                                                     2016年9月12日
                                                                                                             


                                              ",市政务服务中心,2016-09-09 11:28:56
http://www.gszwfw.gov.cn/gszw/zxts/detail.do?webid=1&code=JY20160600333&querycode=QC318091,好多个人办事模块都没有在线办理,好多个人办事模块都没有在线办理，什么时候能全面实施在线办理？,JY20160600333,2016-06-09 10:05:25,处理完毕,"网友:
      您好！2016年6月9日，您在甘肃政务服务网“我要建议”栏目留言，反映好多个人办事模块都没有在线办理的问题，现答复如下：
      甘肃政务服务网个人办事板块包括行政许可类的个人办事和便民服务类的个人办事。目前，省政府工作部门除涉密事项外，其他面向企业和个人的行政许可类事项均已实现在线办理；便民服务类的个人办事尚未实现在线办理，办事系统正在研发建设当中，估计2016年底前完成建设目标。非常感谢您对甘肃政务服务网建设管理所提的建议，我们将尽快抓紧个人办事板块的建设。
      感谢您对我们工作的关心和支持，欢迎继续提出宝贵意见和建议。
                                                                                                                                                                                               省政府政务服务中心
                                                                                                                                 2016年6月12日",省政府政务服务中心,2016-06-12 15:52:52
http://www.gszwfw.gov.cn/gszw/zxts/detail.do?webid=1&code=JY20160600332&querycode=QC538621,速度太慢，找不到跟进的方法,办理个体工商户新名称登记，被退回了一次，重新提交，等待审核时间很长，拨打上面预审人电话一直没人接，现在很着急，但是没有任何途径来跟进。但是工商所又不办理，要求我们网上办事，感觉真没必要非要让人网上办，效率更慢而且更麻烦,JY20160600332,2016-06-08 16:05:35,处理完毕,"网友:
      您好！2016年6月9日，您在甘肃政务服务网“我要建议”栏目留言，反映速度太慢，找不到跟进的方法问题，现答复如下：
      该名称属于个体工商户，新名称网上提交到属地工商所预审，受理后5个工作日内通过名称核准登记，提交书式材料到属地工商所办理。
      请自查网上提交内容和状态显示，具体事宜请拨打工商所所属县（区）工商局电话咨询。
      感谢您对我们工作的关心和支持，欢迎继续提出宝贵意见和建议。
                                                                                                            省工商局
                                                                                                          2016年6月15日
     ",省工商局,2016-06-14 11:33:35
http://www.gszwfw.gov.cn/gszw/zxts/detail.do?webid=1&code=JY20160600326&querycode=QC798584,兰州市工商政务大厅电话打没人接，怎么为人民服务,现阶段，社会经济萧条，工商部门本该提供更好的条件为企业服务，创造更好的条件，但是在兰州市名称核准的时候，多次被退，多次打电话（0931--4818015）却无人接听，到大厅去办事，看到电话响，却不接，请问怎么响应方便人民群众的号召？拿着纳税人的钱，却不方便人民群众办事？？？？？,JY20160600326,2016-06-03 09:39:56,处理完毕,"尊敬的网民：
    您好！收到您的留言兰州市工商局十分重视，现将有关情况答复如下：政务服务中心工商局窗口受理登记注册登记工作人员7名，担负8700余户内、外资企业的各项登记（变更、换照、注销、注册）业务和每年3万条名称的核准，以及每天30户新设立待预审 ，还有前来咨询公司办照的各项业务。窗口同志疲于接待前来现场办理的各位企业，所以有时候没时间接听电话，以后工商局将会加强窗口力量，以便更好的为办事群众服务。
    感谢您对我们工作的关心和支持，欢迎继续提出宝贵意见和建议。
                                                                       兰州市工商局
                                                                     2016年7月7日
 ",市政务服务中心,2016-06-28 16:23:53
http://www.gszwfw.gov.cn/gszw/zxts/detail.do?webid=1&code=JY20160500324&querycode=QC545742,注销企业办理三年多还没好！,我是兰州畅业电子科技有限公司法定代表人 注册号: 620100200010066 ，于2013年移居陕西西安，2013年完成资产清算，2013年-2014年1月完成税务注销相关手续，并与2014年5月登报后提交工商注销申请，至2016年仍未通过，并进入企业异常经营名录（要求提供2013-2015年年报公示），按要求公示后，又要求到所辖工商所办理手续，我及我的委托人多方寻找所辖工商所，均表示不在其管辖范围，注销审核工作不知何时能完成，我该如何继续办理？,JY20160500324,2016-05-30 12:37:24,处理完毕,"网友：
      您好！2016年5月30日，您在甘肃政务服务网“我要建议”栏目留言，反映注销抵押登记的问题，现答复如下：
      经系统查询，该企业登记机关为兰州市工商行政管理局兰州高新技术产业开发区分局。企业名称：《兰州畅业电子科技有限公司》，注册号：620100200010066，法定代表人：张勇。请登录“甘肃企业登记网”，选择“内/私企业登记”事项里的“注销登记”，按照内容填写，提交网上注销登记申请预审通过后，向原工商登记机关提交书式材料。
        附件：《注销登记提交材料规范》
      感谢您对我们工作的关心和支持，欢迎继续提出宝贵意见和建议。
 
                                                          
                                                                                                    省工商局
                                                                                                  2016年6月2日
 ",省工商局,2016-06-02 17:04:04
http://www.gszwfw.gov.cn/gszw/zxts/detail.do?webid=1&code=JY20160500321&querycode=QC605626,注销抵押登记,注销抵押登记申请提交了2天了，请问几天能通过审核？急！,JY20160500321,2016-05-26 13:47:33,处理完毕,"网友：
      您好！2016年5月26日，您在甘肃政务服务网“我要建议（我要投诉）”栏目留言，反映注销抵押登记的问题，现答复如下：由于您填写的事项信息不完整，请您将向哪个部门申请注销及所注销事项的具体情况填写清楚，以便工作人员答复！
      感谢您对我们工作的关心和支持，欢迎继续提出宝贵意见和建议。
                                                                                       省政府政务服务中心
                                                                                        2016年5月26日",省政府政务服务中心,2016-05-27 09:02:28
http://www.gszwfw.gov.cn/gszw/zxts/detail.do?webid=1&code=JY20160400295&querycode=QC679897,2016年产假，和男士护理假,我已从甘肃省卫生和计划生育委员会网站了解到，2016年1月1日开始施行的，女性产假180天，男性护理假30天，但是我们单位，我去请假还是和以前一样，护理假15天，是怎么回事，此问题应该向哪里反应，怎么能得到解决？,JY20160400295,2016-04-30 00:54:06,处理完毕,"网友：
      您好！你咨询“2016年产假和男士护理假”问题，现答复如下：
      《甘肃省人口与计划生育条例》是地方性法律，具有法律效应。对于不遵守法律的行为，应当向各级人大和政府法制部门反映。
      感谢您对我们工作的关心和支持，欢迎继续提出宝贵意见和建议。
                                                                                                                                                       甘肃省卫生和计划生育委员会
                                                                                    2016年6月14日",省卫计委,2016-06-14 15:30:36
http://www.gszwfw.gov.cn/gszw/zxts/detail.do?webid=1&code=JY20160400293&querycode=QC416433,法人办事注册信息有误怎样改正啊谢谢,在法人办事这一部分，法人信息填写有误，但已经注册成功，麻烦问下该怎样更改，谢谢,JY20160400293,2016-04-21 16:05:28,处理完毕,"网友：
      您好！2016年4月21日，您在甘肃政务服务网“我要建议”栏目留言，反映法人注册信息有误的问题，现答复如下：
      法人账号注册信息无法修改，请提供您注册账号的登录名，省政府政务服务中心将为您删除此账号，请您重新注册账号即可。
      感谢您对我们工作的关心和支持，欢迎继续提出宝贵意见和建议。
                                                                                            省政府政务服务中心
                                                                                             2016年4月25日",省政府政务服务中心,2016-04-25 11:30:22
http://www.gszwfw.gov.cn/gszw/zxts/detail.do?webid=1&code=JY20160400283&querycode=QC283632,网上年检（个体工商营业执照）能做简单点吗？？？？,我今天在去年检，说的得在网上年检，结果我进甘肃省工商管理局网上业务办理系统，登录进入后就根本没有年检的目录，请问设计人员整么设计的？既然叫大家在网上年检办理就应该设计直通形式方便大家更好办理。。。,JY20160400283,2016-04-12 15:58:40,处理完毕,"网友：
      您好！2016年4月12日，您在甘肃政务服务网“我要建议”栏目留言，反映网上年检的问题，现答复如下：
      根据《个体工商户年度报告暂行办法》，个体工商户应于每年1月1日至6月30日，通过全国企业信用信息公示系统（甘肃）或直接向登记机关纸质报送上一年度年度报告。企业信用信息公示系统是全国统一的系统，为方便公示年报，国家工商总局对个体工商户年度报告提供两种方式选择，你可以登陆系统（http://xygs.gsaic.gov.cn/gsxygs/）公示年度报告或下载年度报告书填写后报送工商登记机关。
      感谢您对我们工作的关心和支持，欢迎继续提出宝贵意见和建议。
                                                                                            省工商局
                                                                                       2016年4月21日",省工商局,2016-04-25 11:47:48
http://www.gszwfw.gov.cn/gszw/zxts/detail.do?webid=1&code=JY20160400282&querycode=QC162506,帮我看看，急,新名称申请 合水县绿健源生态养殖农民专业合作社 工商机关预审 2016年04月05日 查看 你好，我在网上办理农民专业合作社新名称申请2016年04月05号提交预审的到现在都4月11日了，才通过一项预审，我想知道剩下的哪几项什么时间才能全部通过，谢谢帮忙很急，等了好多天了。,JY20160400282,2016-04-11 16:23:40,处理完毕,"网友：
      您好！2016年4月11日，您在甘肃政务服务网“我要建议”栏目留言，反映网上预审的问题，现答复如下：
      企业新名称网上提交预审，受理后5个工作日内通过名称核准登记，提交书式材料到属地工商局办理。
      感谢您对我们工作的关心和支持，欢迎继续提出宝贵意见和建议。
                                                                                                省工商局
                                                                                          2016年4月26日",省工商局,2016-04-26 16:57:29
http://www.gszwfw.gov.cn/gszw/zxts/detail.do?webid=1&code=JY20160400281&querycode=QC250892,咨询窗口不明确，不知道在哪里咨询,我是兰州市城关区金色摇篮的幼儿园家长。今年户口落在九洲派出所。这次学前补助1000元，幼儿园通知我们说，我家没有批下来。咨询教育局，他们说是幼儿园审批有问题，幼儿园解释说是教育局通知的，不是6字开头的不批！为什么？难得我们就不是兰州户口吗？政策执行过程中为什么参杂个人行为？,JY20160400281,2016-04-06 19:02:24,处理完毕,"网友：
      您好！您在甘肃政务服务网“我要建议”栏目留言，反映的问题，现答复如下：
      根据您反映的情况，经我们与兰州市城关区学生资助管理中心了解，您的孩子于2016年3月16日将户口从山东省滕州市转入兰州市，我省在第一次对在园幼儿进行摸底是3月5日结束时，当时你的孩子户口尚未迁入，属于非甘肃籍幼儿，不在享受范围之内。故兰州市城关区学生资助管理中心未统计在内。针对您的疑问，城关区学生资助管理中心在与您电话沟通时已做了解释。针对您的特殊情况，目前只能等待在秋季学期，作为特殊问题，争取酌情解决。
      感谢您对我们工作的关心和支持，欢迎继续提出宝贵意见和建议。
       
                                                                                                       省教育厅
                                                                                                       2016年6月1日
 
 ",省教育厅,2016-06-01 11:36:25
http://www.gszwfw.gov.cn/gszw/zxts/detail.do?webid=1&code=JY20160300253&querycode=QC488768,甘肃省二胎政策,尊敬的领导你们好。中央二胎政策落实后其他各省份直辖市都相继出台了各自地区的相应具体细节，我省2月份都在网上征求了意见，现在马上4月了，迟迟没有见细节政策出台。,JY20160300253,2016-03-25 11:31:09,处理完毕,"网友：
      您好！你咨询“甘肃省二胎政策”问题，现答复如下：
      《甘肃省人口与计划生育条例》于4月1日颁布。《甘肃省卫生和计划生育委员会关于印发〈甘肃省全面两孩政策实施细则〉的通知》（甘卫指导发〔2016〕118号）4月29日在甘肃省卫生和计划生育委员会官网发布。
      感谢您对我们工作的关心和支持，欢迎继续提出宝贵意见和建议。
                                                                                                                                                                               甘肃省卫生和计划生育委员会
                                                                                                     2016年6月14日",省卫计委,2016-06-14 15:43:31
http://www.gszwfw.gov.cn/gszw/zxts/detail.do?webid=1&code=JY20160100182&querycode=QC556091,关于申请2016年电力用户和发电企业直购电优惠政策的报告,甘肃省省领导： 我公司景泰长城冶炼有限责任公司，在2016年电力用户和发电企业的直购电交易上，我们双方都做了大量的工作，也达成了协议，并且在甘肃省国网电力公司的交易平台也签了两次合同，但在2016年1月22日接到国网公司的通知，我们之间的合同协议全部作废，不能参加直购电交易也意味着我们企业在2016年在用电上不能享受任何优惠政策，按国网电价0.415元/度执行，加上基本电费平均执行电价为0.46元/度，按照这样的电价，我们企业的成本大幅上升，亏损也会加大，造成企业无法正常生产经营，和周边青海省的一口电价0.29元/度相比，我们比青海省要高0.17元/度，这样我们的生产成本相对于青海省的同类型企业要高出2400元/吨，使得我们失去了原有的竞争优势，市场占有率急剧下降，在同行中无法立足。最终的结果只能够停产，这样的结果不是企业能够承受的，面对巨额的债务我们无法承担，全厂180名员工将面临下岗，这一系列的变化将会导致无法预料的严重后果。 因此我们恳请工信局领导根据我们企业的实际情况，并向上级政府反映我们企业的真实情况，由政府出面帮助企业解决实际困难，争取电价上的优惠政策，使我们公司走出困境，继续为景泰县的经济繁荣做出我们更大的贡献。 景泰长城冶炼有限责任公司 2016年1月231日,JY20160100182,2016-01-31 14:37:03,处理完毕,"网友：
      您好！您在甘肃政务服务网“我要建议（我要投诉）”栏目留言，反映注销抵押登记的问题，现答复如下：
      直购电政策由省发改委牵头制定，建议企业可向省发改委进行咨询；下半年直购电政策还要出台，目前省发改委、省电力公司正在拟订具体方案，请企业密切关注。另外，2016年除了直购电政策外，还有配套的综合电价扶持措施，其中铁合金、电石、碳化硅等未签上直购电量的企业，实际生产电量补贴4.5分/千瓦时（省财政承担37.46%，按季度补贴到位）。
      感谢您对我们工作的关心和支持，欢迎继续提出宝贵意见和建议。
                                                                                                                                 省工信委
                                                                                                                           2016年5月26日
   ",省工信委,2016-05-30 11:47:57
